(-;,1,1
(;_;),-1,2
(^^),1,1
(^-^),1,1
(^^*,1,1
(^_^),1,1
(^_^;,-1,4
(^o^),1,1
(-_-),-1,0
(T_T),-1,2
(ㅡㅡ),-1,0
)-:,-1,5
*^^*,1,1
/^o^\,1,1
:(,1,5
:'-(,1,2
:-(,1,5
:),1,1
:-),1,1
:/,-1,5
:|,1,1
:D,1,1
:-D,1,1
:p,0,0
:-P,-1,5
;,1,1
;),1,1
;-),1,1
;ㅅ;,-1,2
^///^,1,1
^^,1,1
^^//,1,1
^-^;,-1,3
^-^;;,-1,3
^-^;;;;;,-1,3
-_-^,-1,5
<3,1,1
=),1,1
8-),0,1
B-),0,1
XD,1,1
ㄱㅅ,1,1
ㄱㅇㄷ,1,1
가격이 싸다,1,1
가까스로,0,0
가까이 사귀어,1,1
가까이하다,1,1
가난,-2,0
가난뱅이,-2,2
가난살이,-2,2
가난에,-2,2
가난에 쪼들려서,-2,2
가난하게,-2,2
가난하고,-2,2
가난하고 어렵다,-2,2
가난하고 천한,-2,2
가난하다,-2,2
가난하여,-2,2
가난한,-2,2
가난한 데다가,-2,2
가난한 사람을,-2,0
가난히,-2,0
가누기 어려워하다,-1,2
가누지 못,-2,2
가눌 수 없,-2,2
가능성이 늘어나다,2,1
가능성이 있다고,2,1
가능성 있,2,1
가능성 없,-2,2
가능,1,1
가능하지,-1,2
가능하지 않,-2,2
가다듬어 수습,1,1
가다듬어 정하다,1,1
가당찮,-2,5
가두,-1,4
가드올려,-1,5
가뜬하게,1,1
가라앉혀 바로잡,1,1
가래,-1,0
가려서 좋아,-1,0
가려운,-1,0
가려워,-1,0
가련하게,-1,2
가련한,-1,2
가렵,-1,0
가로막아서,-1,3
가로채,-1,3
가르치며,1,1
가르침,1,1
가리지 못하,-1,2
가마득하다,-1,4
가만있지 못하,-1,5
가망 없,-1,2
가망이 없,-2,2
가벼운 마음으로,1,1
가벼운 말이나,-1,0
가벼운 상처,-1,2
가벼운 슬픔,-1,2
가벼운 행동으로,-1,5
가볍게,-1,0
가볍게 까부는,-1,5
가볍게 까불다,-1,5
가볍게 쑤시듯,-1,2
가볍게 웃다,1,1
가볍게 채신없이,-1,5
가볍게 행동하거나,-1,5
가볍게 행동하는,-1,5
가볍게 행동하다,-1,5
가볍고,1,0
가볍고 보드랍게,1,1
가볍고 상쾌하다,2,1
가볍고 상쾌한,2,1
가볍고 시원하게,2,1
가볍고 편안하게,2,1
가볍고 환하게,2,1
가분가분,1,1
가분히,1,1
가뿐가뿐,1,1
가뿐가뿐하다,1,1
가뿐가뿐히,1,1
가뿐하,1,1
가뿐한,1,1
가뿐히,1,1
가쁘게,-1,3
가쁘고,-1,3
가쁜,-1,3
가쁜 증상,-1,3
가소롭게,-1,5
가소롭다,-1,5
가슴 아파,-2,2
가슴 아프,-2,2
가슴앓이,-2,2
가슴이 갑갑할,-2,2
가슴이 괴롭거나,-2,2
가슴이 그득한,-2,2
가슴이 답답,-2,2
가슴이 울렁,-2,4
가슴이 찢어질,-2,2
가엽다,-1,2
가엾,-1,2
가운데에서 뛰어남,2,1
가위눌리다,-1,4
가음 아프고,-2,2
가장 거룩한,2,1
가장 뛰어나,2,1
가장 뛰어난,2,1
가장 올바르게,2,1
가장 좋은,2,1
가장 중요한,1,1
가증맞다,-1,5
가증스럽다,-1,5
가지런하게 하는,1,1
가지런하게 하다,1,1
가지런하다,1,1
가지런하지 아니하다,-1,5
가지런하지 아니한,-1,5
가짜,-2,5
가책이 되어,-1,2
가치,1,0
가치 없는,-2,4
가치 있,2,1
가치가 없,-2,2
가치를 믿다,2,1
가치를 인정하다,2,1
가치보다 비싼,-1,5
가치없는,-2,2
가치있는,1,1
가혹하게,-2,5
각별,1,1
각별하,1,1
간드러진,2,1
간사스럽게,-1,5
간사하,-1,5
간사한,-1,5
간사한 사람이나,-1,5
간사한 짓을,-2,5
간섭받,-1,5
간섭하,-1,5
간신히 짜내는,-1,2
간절하다,2,2
간지러워서,-1,1
간지럽,-1,1
간직하다,1,1
간직하지 아니하고,-1,0
간질간질,-1,1
간편하,2,1
갈라서다,-1,4
갈증이 나고,-1,4
갈증이 심하게,-1,4
갈팡질팡,-1,4
갈피를 잡을 수 없다,-1,4
갈피를 잡지 못하,-1,4
감각이 둔하고,-1,4
감각이 마비되고,-1,4
감각적이다,1,1
감감히,-1,2
감개무량하다,2,1
감격,2,1
감격성,2,1
감격스럽다,2,1
감격스레,2,1
감격이,2,1
감격적,2,1
감격하,2,1
감금하여,-2,4
감기,-1,2
감당하다,1,1
감동,2,1
감동도 없,-2,5
도 없,-2,5
감명되다,2,1
감명적,2,1
감명하다,2,1
감모,1,1
감미롭다,2,1
감복하다,2,1
감복하여,2,1
감사,2,1
감싸고,1,1
감싸고 달래다,0,0
감옥,-1,4
감정 사납,-1,5
감정을 건드,-1,5
감정이 거칠어져,-1,5
감정이 북받쳐,1,1
감칠맛이 있을,2,1
감탄,2,1
감탄스러울,2,1
감탄스럽,2,1
감탄적으로,2,1
감탄하,2,1
감탄할,2,1
감회가 새롭,2,1
감회가 새로,2,1
감회에 젖,2,1
갑갑궁금,-1,2
갑갑하고 궁금,-1,2
갑갑,-1,2
갑분띠,-1,3
갑분싸,-1,3
갑자기,-1,3
갑자기 게우,-1,3
갑자기 놀라,-1,3
갑자기 무섭거나,-1,4
갑자기 분별없이,-1,4
갑자기 서늘한,-1,4
갑자기 성을,-1,3
갑자기 소란스럽게,-1,3
갑자기 소름이,-1,3
갑자기 어지러워,-1,3
갑작스,-1,3
값을 매길 수 없을 만큼,2,1
값진,2,1
강간죄,-2,5
강개무량,-2,2
강등하여,-1,4
강렬하게,1,1
강박,-1,4
강세,1,1
강인하다,1,1
강인한,2,1
강제로,-1,4
강제로 누르,-1,4
강제로 누름,-2,4
강제로 빼앗,-1,4
강제로 요구,-1,4
강제적,-2,4
강추,2,1
강탈,-2,4
강퇴,-1,4
강하게,0,0
강하게 만,2,1
강하게 하다,1,1
강하고,1,1
강하고 야무지,2,1
강하고 튼튼,2,1
강한 비판이나,-2,5
강한 충격을,-1,3
강화하다,1,1
갖지 아니하,-1,0
갖추다,1,1
갖추지 못,-1,4
같잖,-1,5
같잖아서,-1,5
같잖아서 우스운,-1,5
갚지 않,-1,5
개선,2,1
개선하,1,1
개선해,-1,5
개성,1,1
개성있,1,1
개성있다,1,1
개성없,-2,5
개성이 없,-2,5
개운치 않,-1,2
개운하,2,1
개운하지,-1,2
개운하지 않,-2,2
개으름을,-1,5
개이득,2,1
개짓하다,-2,5
개회하다,0,0
갠소,1,1
갸륵한,1,1
갸름하다,1,1
거꾸러,-1,5
거꾸로 넘어지,-1,5
거두지 못한,-1,5
거들먹거리,-1,5
거들먹대다,-1,5
거듭 따뜻이,2,1
거듭 죄를,-1,5
거뜬,2,1
거래가 금지,-1,4
거룩한,2,1
거리끼,-1,5
거리낌 없,1,1
거만스럽,-2,5
거만을,-2,5
거만하,-2,5
거만하지 않,2,1
거만한,-1,5
거볍게,-1,5
거부감,-1,4
거부감 없이,2,1
거부하,-1,4
거부하지 않,2,0
거북스럽게,-2,4
거북하,-2,4
거북한,-2,4
거북할,-2,4
거세,-1,5
거슬려,-1,5
거슬리,-1,5
거슬리지,-1,0
거슬리지 않,1,0
거슬림이 없이,2,1
거역,-1,5
거의 없,-1,0
거절,-2,4
거짓,-2,0
거짓 없,1,1
거짓말,-2,0
거짓없,1,1
거짓으로,-1,5
거짓을 버리고,2,1
거짓이 없,2,1
거짓이나,-1,5
거추장스,-1,5
거치적거리는,-1,5
거치적거치적,-1,5
거친,-2,5
거친 말로,-2,5
거칠게,-2,3
거칠게 말,-2,5
거칠게 몰아쉬다,-2,5
거칠게 소리가,-2,0
거칠게 행동,-1,5
거칠,-2,0
거칠어져,-2,5
거침새가 없고,2,1
거침없이,1,1
거침이 없는,1,1
걱정,-1,4
걱정 없,2,1
걱정거리,-1,4
걱정으로,-1,4
걱정을,-1,0
걱정이 되,-1,4
걱정이 없,2,1
걱정없,2,1
걱정인 해를,-1,4
걱정하,-1,4
건강에 긍정,1,1
건강에 좋,2,1
건강에 해,-2,5
건강하,1,1
건강하지 못,-2,4
건강하지 않,-2,4
건강한,2,1
건달,-1,4
건드려 귀찮게,-1,5
건들거리,-1,5
건들건들,-1,5
건망증,-1,0
건방져,-2,5
건방지,-2,5
건방진,-1,5
건방짐,-2,5
건성으로,-1,5
건장하다,2,1
건장한,2,1
건장한 모양,2,1
건전하,1,1
건전하지 못,-2,5
건전하지 않,-2,5
건전한,2,1
건전함,2,1
걷지 못,-1,2
걸리거나,-1,0
걸리다,-1,5
걸리적대다,-1,5
걸핏하면,-1,5
검사에 불합격,-2,4
검소하,1,1
검소하지 않,-2,5
검소한,2,1
검은 티끌이라는,-1,0
검질기게,-1,5
겁나,-1,4
겁난,-1,4
겁내,-1,4
겁에,-1,4
겁에 지리다,-2,4
겁에 질,-2,4
겁을 내,-1,4
겁을 먹,-1,4
겁을 주,-1,4
겁이 나,-1,4
겁이 많,-2,4
겁쟁이,-2,4
것같이 아프다,-1,2
것보다 낫다,2,1
것을 샘하여,-1,5
것을 짓밟다,-1,5
것이 거북하거나,-1,5
것이 깨끗하고,2,1
것이 해결되어,2,1
겉만 그럴듯한,-1,5
겉면이 매끄럽고,1,1
겉모양의 아름다움과,1,1
겉치레,-1,5
게걸스럽게,-2,5
게우는,-1,0
게울,-1,1
게워,-1,0
게으르,-1,4
게으름,-1,4
게을러,-2,4
게을리하지 않고,2,1
겨를이 없음,-1,2
겨우 빠듯,-1,2
겨우겨우,-1,2
겨운,-1,0
격노,-2,5
격동시키,0,0
격려,1,1
격분,-2,5
격식에 맞아,1,1
격식을 갖추지 않,-1,4
격에 어울리지,-1,4
격하,-2,5
격한,-2,5
겪거나 불쌍한,-1,5
견고하다,1,1
견디기,-2,4
견디,1,1
견딜 수 없,-2,4
결기가,-1,5
결단성 없,-1,2
결단성이 없,-1,2
결단을 못 내,-1,2
결딴날,-2,0
결점,-1,4
결점이 없,2,1
결정을 못,-1,2
결정하지 못,-1,2
결핍,-2,4
결함,-1,4
결함이 없,2,1
결함이 있,-1,4
겸손하,1,1
겸손한,2,1
겸연쩍,-1,4
경건하,2,1
경건한,1,1
경련,-1,5
경망스러우며,-1,3
경망스러운,-1,3
경망스러운 여자를,-1,3
경망스럽,-1,3
경망하게,-1,3
경망한,-1,3
경멸,-2,5
경박스럽게,-1,3
경박하,-1,3
경박한,-1,3
경사스러운,2,1
경상,-2,3
경솔하,-1,3
경솔한,-1,3
경이로,2,1
경이롭,2,1
경치 좋은,2,1
경치가 뛰어나거나,2,1
경치가 맑고,2,1
경치가 아름답다,2,1
경치가 좋,2,1
경치를 즐기,2,1
경쾌하,2,1
경험이 많,1,1
경험이 적,-1,0
경황이 없,-1,4
고결,2,1
고귀,2,1
고급,2,1
고까워하는,-1,5
고난,-2,4
고단하,-2,2
고달프,-2,2
고도화,-2,0
고되,-2,2
고르고,2,1
고르다,2,1
고르지 못,-1,4
고르지 아니,-1,4
고르지 않,-1,4
고름,-1,2
고리게,-1,0
고마운,2,1
고마움,2,1
고마워,2,1
고맙게,2,1
고맙다,2,1
고백,2,1
고부라지,0,0
고분고분,1,1
고분고분하지 못,-2,3
고분고분하지 않,-2,3
고비를,-1,0
고상하,1,1
고상한,2,1
고생,-2,4
고소 공포증,-1,4
고약하,-2,5
고약함,-2,5
고약해,-2,5
고요하,1,1
고요함,1,1
고요해짐,1,0
고운,2,1
고자질,-1,5
고작,-1,5
고장나다,-1,2
고질병,-1,5
고집,-1,5
고쳐,1,1
고충,-2,4
고치기 어려운,-1,4
고치다,1,1
고타분히,-1,5
고통,-2,4
고통스,-2,2
고품질,2,1
고한,-2,4
고함,-1,5
고혈압,-1,2
곤궁,-2,4
곤란,-1,4
곤장으로 치던,-1,4
곤혹,-2,4
곧게,1,1
곧고,1,1
곧다,1,2
곧바르지,-1,2
곧잘 흥분,-1,5
곧장 나아가,1,1
곧지 못,-1,4
골골 앓아서,-2,2
골나,-2,5
골똘하게,0,0
골리는,-2,5
골이 나,-2,2
곪느라고,-1,2
곯려 주다,-1,2
곯리,-1,2
곯아,-1,2
곯은,-1,2
곰살갑지 못,-1,4
곰살궂지 못,-1,4
곰팡,-1,4
곱거나,2,1
곱게,2,1
곱고,2,1
곱다,2,1
곱살스,2,1
곱실대다,-1,5
곱절 용감하다,2,1
곱지 아니하다,-1,5
곱지 않,-1,5
곳에서 평안히,1,1
공갈,-1,5
공개적으로 비난,-2,5
공격,-2,5
공경,2,1
공공연히 불법적으로,-1,5
공교롭고,-1,4
공기가 상쾌,2,1
공덕,2,1
공로,1,1
공범자에,-1,5
공손하,1,1
공손하지 아니,-1,5
공손하지 않,-1,5
공손함,2,1
공손히,2,1
공연한,-1,4
공연히,-1,4
공익,2,1
공적의,0,0
공적이 많,2,1
공정,2,1
공평,1,1
공평하지 않,-2,5
공포,-2,4
공허,-1,4
공황,-1,4
과거에 급제,2,1
과거급제,2,1
과격,-1,5
과금,-1,5
과대망상,-1,4
과도하,-1,3
과로,-1,0
과식,-1,0
과음,-2,0
과장,-1,5
과장하지 않,1,1
과장 안하,1,1
과체중,-2,5
과하다,-1,5
관계가 끊어지,-1,4
관계가 맺어지,1,1
관계를 끊,-1,2
관계를 맺,1,1
관계 끊,-1,2
관계없,-1,2
관광할 만한,1,1
관능적,1,1
관람객이 줄어,-1,2
관심병,-1,5
관심을 가지지 아니하고,-1,2
관심을 가짐,1,1
관심을 기울이,1,1
관심이 있,1,1
관심이나,1,1
관절이 저리고,-1,2
관철하려고 다투는,-1,5
괄시,-2,4
광견병,-1,4
광명,2,1
광탈,-1,4
괘씸,-1,5
괜찮,1,1
괜찮지 않,-2,2
괜한 트집,-1,5
괜히 트집,-1,5
괴로운,-2,4
괴로울,-2,2
괴로움,-1,2
괴로움을 없,2,1
괴로워,-1,2
괴롭거나,-1,2
괴롭게,-1,2
괴롭고,-1,2
괴롭다,-1,2
괴롭지 아니하여,2,1
괴롭히,-2,5
괴멸,-2,5
괴물,-1,4
괴사,-2,2
괴상,-2,4
괴이,-1,4
굉장하,2,1
교도소에 수감,-1,2
교리에 밝고,2,1
교만하,-1,5
교만함,-1,5
교만하지 않,1,1
교묘하,1,1
교묘히,-1,5
교양이 없,-1,5
교양이 있,1,1
교양 있,1,1
교육적,1,1
교제를 끊어,-1,5
교통을 허락,1,1
교통이 허락,1,1
교화,1,1
교활,-1,5
교훈,1,1
구경하며 즐기,1,1
구김살 없,1,1
구김살이 없,1,1
구두쇠,-1,5
구리게,-1,5
구박,-1,5
구성지,1,1
구속하,-1,4
구속함,-1,4
구슬퍼,-1,2
구슬프,-1,2
구슬피,-1,2
구역날,-2,4
구역이 나,-2,4
구역질,-2,4
구역질나,-2,4
구원,1,1
구제,1,1
구차스,-2,5
구차하,-1,5
구차하지 않,2,1
구토,-1,4
군살이 처지,-1,2
군색함,-1,2
군소리 없,1,1
군소리를,-1,5
굳게 맹세,1,1
굳게 믿,1,1
굳세,2,1
굳센,2,1
굳어,-1,0
굳은,0,0
굳지 못,-1,2
굴복시,-1,2
굴복하지 않,1,1
굴욕,-2,2
굶는,-1,2
굶다,-1,2
굶주,-1,2
굼드게,-1,2
굼뜨게,-1,2
굼뜨고,-1,2
굼뜨다,-1,2
굽신,-2,4
굽실,-2,4
굽혀서 산다,-2,4
굽히지 아니하,1,1
굽히지 않,1,0
궁상스,-2,2
궁색하,-2,2
궁핍,-2,2
궁하,-2,2
궂,-1,5
권리를 없애,-1,5
권리를 침해,-1,5
권세를 꺾,0,0
권세를 마음대로,-1,5
권태,-1,2
귀머거리,-1,2
귀먹,-1,2
귀양,-2,4
귀여운,2,1
귀여워,2,1
귀염성,2,1
귀염을,1,1
귀여워,1,1
귀엽다,1,1
귀엽,2,1
귀요미,2,1
귀중,2,1
귀차니즘,-1,2
귀찮,-1,2
귀하게,2,1
귀하고,2,1
귀하다,2,1
귀하며,2,1
귀한,2,1
규범을 어기,-1,5
규칙을 어,-1,5
균의 침입,-1,5
균형을 잃,-1,5
그러하다,0,0
그럴듯하게 대,-1,0
그럴듯하,1,1
그럴싸하,1,1
그렇게 되,1,1
그르치다,-1,4
그른,-2,4
그릇되,-2,4
그릇되게,-2,4
그릇된,-2,4
그리운,1,1
그리움,1,1
그리워,1,1
그린라이트,2,1
그립다,1,1
그만두게,-1,2
그만두,-1,2
그윽,1,1
극락,1,1
극복하,1,1
극성맞,-1,5
극진하,2,1
극혐,-2,5
근거가 없,-1,2
근본에 맞,1,1
근사,2,1
근심,-1,4
근심 없이,2,1
근지럽,-1,5
근질근질 ,-1,5
근하다,2,1
긁어,0,0
금사빠,-1,4
금지,-2,4
급작스럽,-2,5
급하게,-1,5
급하고,-1,5
급하다,-1,5
급한,-1,5
긍가하,2,1
긍정,2,1
긍지,2,1
기가 눌,-1,2
기가 막,-1,5
기능을 상실,-1,2
기능을 잃,-1,2
기능이 약,-1,2
기능이 허약,-1,2
기다리지 못,-1,2
기대,1,1
기대 이상,2,1
기대가,1,1
기대되,2,1
기대된다,1,1
기대를 받,1,1
기대에 어그러,-1,5
기대하,1,1
기대할 만,2,1
기량이 부족,-1,4
기력이 쇠약,-1,2
기력이 약하,-1,2
기력이 허약,-1,2
기를 꺾,-1,4
기름기가 많,-1,4
기름진 땅,1,1
기리,1,1
기막히,-1,5
기만하,-2,5
기모띠,1,1
기반이 튼튼,1,1
기부,1,1
기분 나쁠,-2,5
기분 나쁜,-2,5
기분 좋,2,1
기분을 나쁘,-2,5
기분이 상하,-2,5
기뻐,2,1
기쁘,2,1
기쁜,2,1
기쁨,2,1
기상이 뛰어,2,1
기세 좋,2,1
기세가 꺾이,-1,4
기세가 약해지,-1,4
기억이 희미해,-1,4
기운 없,-2,2
기운을 잃,-1,2
기운이 꺾,-1,2
기운이 다하,-2,2
기운이 막,-1,2
기운이 못 펴,-1,2
기운이 빠,-2,2
기운이 쇠약,-2,2
기운이 없,-2,2
기운차,2,1
기울어지,-1,4
기절,-2,2
기죽,-2,2
기준보다 못,-1,2
기준에 미치지 못,-1,2
기준에 어긋,-2,5
기침,-1,2
기특,2,1
기품이 있다,2,1
기풍,1,1
기피,-1,4
기한 못,-1,4
기형,-1,4
기회를 놓치,-1,4
기회주의적,-1,4
긴장,-1,4
길막,-1,5
길미,1,1
길을 찾아내다,1,1
길이 막막,-2,2
길이 어둡,-1,2
ㄲ,-1,5
ㄲㅂ,-1,5
ㄲㅈ,-1,5
까다로,-1,5
까다롭,-1,5
까다롭지 않,2,1
까마득,-2,4
까무러,-2,4
까부는,-1,5
까불,-1,5
까비,-1,5
까칠,-1,5
까탈이 많,-1,5
깍아내리다,-1,5
깎아내,-1,5
깐깐하,-1,5
깐깐하지 않,1,0
깐죽,-1,5
깔깔하,-1,5
깔깔한,-1,5
깔끄럽,-1,5
깔끔하,1,1
깔끔하지 못,-2,5
깔끔하지 않,-2,5
깔끔한,2,1
깔끔해,2,1
깔보,-1,4
깔봄,-1,4
깜놀,-1,3
깜짝 놀,-1,3
깜찍하,1,1
깝치,-1,5
깨갱,-1,4
깨끗이,1,1
깨끗하,1,1
깨끗하지 않,-2,2
깨끗하지 못,-1,5
깨끗한,2,1
깨닫,1,1
깨닫지 못,-1,2
깨달아,1,1
깨달은,1,1
깨달음,1,1
깨뜨,-1,5
깨알,1,1
깨어지,-1,5
깨우쳐,1,1
깨지,-1,5
깨진,-1,5
깨침이 늦,-1,5
깽깽,-1,4
꺼꾸러,-1,5
꺼덕,-1,5
꺼려지,-2,4
꺼리,-2,4
꺼린,-2,4
꺼림,-2,4
꺼먹대,-1,5
꺼부는,-1,5
꺼부러져,-1,5
꺼칠,-1,5
꺽어 약해,-1,5
꺾어 누르다,-1,5
꺾이,-1,2
꺾임,-1,2
껄끄,-1,5
껄렁,-1,5
꼬락서니,-1,5
꼬물,1,0
꼬였,-1,5
꼬이,-2,5
꼬집,-1,5
꼭 맞,1,1
꼭 알맞,1,1
꼭 어울리,2,1
꼴사나,-2,5
꼴사납,-2,5
꼼꼼,1,1
꼼꼼하지 않,-2,5
꼿꼿,1,1
꽁알대다,-1,5
꽁하다,-1,5
꽃이 보드랍고,2,1
꽉 막힌,-2,5
꽥꽥,-1,5
꾀거,-1,5
꾀를 부,-1,5
꾀만 부,-1,5
꾸물,-1,2
꾸민,1,1
꾸밈이 없,1,1
꾸밈 없,1,1
꾸준,1,1
꾸중,-1,5
꾸지람,-1,5
꾸짖,-1,5
꿀잼,1,1
꿉신대,-2,5
꿋꿋,1,1
끈기 없,-1,2
끈기,1,1
끊고,-1,4
끊어,-1,4
끌다,1,1
끌리,1,1
끔직,-2,4
끔찍,-2,4
끝까지 변함없,1,1
끝내지 못,-1,2
끝장,-2,4
끼깅대,-1,5
낄끼빠빠,-1,5
낑낑,-1,4
ㄳ,1,1
ㄴㅇㅈ,-1,5
나가자빠지,-2,2
나긋,1,1
나라가 태평,2,1
나릿,-1,2
나무라,-1,5
나무람,-1,5
나불거리,-1,5
나불나불,-1,5
나빠지,-2,5
나빠진,-2,5
나쁘,-1,5
나쁘지 않,2,1
나쁜,-2,5
나쁠,-2,5
나아가,1,1
나아가지 못,-2,4
나아지,1,1
나태,-1,2
낙담,-2,2
낙망,-2,2
낙심,-2,2
난리,1,1
난잡,-2,5
난처하,-2,5
난폭,-2,5
날뛰,1,1
날뜀,1,1
날씬,1,1
날이 좋,2,1
날조하,-1,4
날카,-1,5
낡고,-1,4
낡다,-1,4
낡아,-1,4
낡은,-1,4
남달리,1,1
남루하,-1,4
남몰래,-1,0
남보다 높,1,1
남보다 뒤떨,-1,4
남보다 뛰어,2,1
남보다 앞서,1,1
남보다 월등,2,1
남부끄,-1,2
남부럽,-1,2
남사스,-1,2
남용,-1,4
납치,-2,4
낫게,1,1
낫다,1,1
낫지 아니,-1,2
낫지 않,-1,2
낭만,1,1
낭비,-1,2
낭패,-2,2
낮아지,-1,2
낮은 성적,-1,2
낮은 지위,-1,2
낮은 지혜,-1,2
낮이 없,-1,2
낮잡,-2,5
낮추,-2,5
낮추어 보,-2,5
낮추어 이르,-2,5
낯부끄,-1,2
낯설,-1,4
낯이 설,-1,5
낯이 없,-1,5
낳지 못하는,-1,5
내구성이 좋,2,1
내놓기가 싫,-2,5
내던져,-2,4
내려가지 않,-1,0
내리눌,-1,4
내버려,-2,2
내버리,-2,2
내색 없,1,1
내송,-1,5
내숭,-1,5
내숭 안,-2,5
내쫓,-2,4
내키지 아니,-1,2
내키지 않,-1,2
냉담,-1,4
냉랭,-2,4
너그러운,2,1
너그럽,1,1
너그럽지 못,-2,4
너무하,-2,5
너저분,-1,5
너프,-1,4
넉넉잡아야 고작,-1,2
넉넉하,1,1
넉넉하지 못,-2,2
넉넉하지 않,-2,2
넉넉한,1,1
넉살 좋,1,1
넋을 잃,1,1
넌더리가,-2,5
넌씨눈,-2,5
널리 알려,1,1
널리 전하,1,1
넓은 마음,2,1
넘기기 좋,1,1
넘기지 못,-1,2
넘사,1,1
넘어지,-1,2
넘어질,-1,2
넘치게 굴,-1,5
노답,-2,5
노략질,-2,5
노려보,-1,5
노력,1,1
노련,1,1
노름,-1,0
노린,-1,5
노숙자,-1,4
노여운,-2,5
노여움,-2,5
노예,-2,5
노인정,-1,5
노잼,-1,5
노하,-2,5
노한,-2,5
노함,-2,5
노후,-1,5
녹이 심,-2,5
논리가 없,-1,4
논리적,1,1
놀기만 하,-1,4
놀라,-1,3
놀랍,-2,3
놀람,-1,3
놀리,-1,5
놀릴,-1,5
놀림,-1,5
놀아나,-1,5
농락,-2,5
농지거리,-2,5
높다,1,1
높여,1,1
높은,1,1
높이,1,1
놓쳐,-1,2
놓치,-1,2
뇌물,-1,4
뇌성 마비,-1,2
뇌종양,-2,2
뇌진탕,-2,2
뇌출혈,-2,2
뇌타박상,-2,2
눈꼴 사납,-2,5
눈꼴사납,-2,5
눈뜬장님,-1,4
눈매가 또렷,1,1
눈매가 뚜렷,1,1
눈물,-1,2
눈빛이 반짝,1,1
눈새,-1,5
눈에 거슬,-1,5
눈에 뛸,1,1
눈을 속,-1,5
눈을 즐겁,2,1
눈이 풀,-1,2
눈치가 빠,1,1
눈치 없,-1,5
눈치없,-1,5
뉘우치,1,2
뉘우치지 않,-2,2
느글대다,-2,2
느금마,-2,5
느끼지 못,-1,2
느끼하,-2,5
느리,-1,2
느릿,-1,2
느즈러져,-1,2
늘씬,1,1
늘어,-1,0
늙거나,-1,2
늙어,-1,2
늙은이,-2,2
능글,-1,4
능란하게,2,1
능력,1,1
능력이 없,-2,4
능률,2,1
능수능간,2,1
능수능란,2,1
능숙,2,1
능청,-1,0
능통,2,1
능하,2,1
능히,2,1
늦다,-1,4
늦어,-1,4
ㄷㅊ,-1,5
다그치,-1,5
다급,-1,5
다독,1,1
다듬어지지 않,-1,0
다루기 어,-2,5
다루기 쉽,1,1
다리가 무겁,-1,2
다리를 절,-1,2
다리를 저,-1,2
다부지게 하지 못,-1,5
다부지지 못,-1,5
다양,1,1
다정,1,1
다정하지 않,-2,5
다채롭,1,1
다채로,1,1
다치,-1,2
다친,-1,2
다침,-2,2
다투,-2,5
다툼,-2,5
다행,1,1
닥쳐오,-1,4
닦달,-2,5
단념,-1,2
단단하,1,1
단련,1,1
단아하,2,1
단작스럽게,-1,5
단정하게,2,1
단정하,1,1
단정하지 못,-2,5
단출,2,1
달갑지 아니,-1,4
달갑지 않,-1,4
달고,1,1
달달,1,1
달뜬,1,1
달뜸,1,1
달래,1,1
달성,1,1
달아남,-1,4
달콤,1,1
닳아,-1,2
답답,-1,4
당당,1,1
당당하지 못,-2,5
당차지 못,-1,2
당찮,-1,5
당하,-1,4
당한,-1,4
당황,-1,3
대가,1,1
대가 없,1,1
대강,-1,0
대견하,1,1
대꾸,-1,5
대단치 아니,-2,2
대단치 않,-2,2
대단,1,1
대담,1,1
대드는,-2,5
대들다,-2,5
대립,-1,5
대상,1,1
대상을 무서워하여,-2,4
대상을 아끼고,1,1
대상을 위협하기,-2,5
대상이 시원스럽도록,1,1
대수롭지 아니,-1,0
대수롭지 않,-1,0
대열을 깨끗이,1,1
대접,1,1
대중없이,-1,5
대중없이 날뛰,-1,5
대중이 없,-1,5
대책 없,-1,5
대충,-1,5
대충대충,-1,5
대충대충 일,-1,5
대충대충 하,-1,5
대충하,-1,5
대충해,-1,5
더디어,-1,2
더뎌,-1,2
더디다,-1,2
더딘,-1,2
더러운,-2,5
더러움,-2,5
더러워,-2,5
더러워져,-2,5
더러워지,-2,5
더러워진,-2,5
더럽,-1,5
더부룩,-2,4
더없이,1,1
더위를 먹,-1,4
더위에 괴로워,-2,4
더하다,1,1
더할 나위 없,2,1
더할 바 없,1,1
더할 수 없,1,1
덕,1,1
덜렁,-1,0
덤벼,-2,5
덤비,-2,5
덥거나,-1,5
덥다,-1,5
덧나,-1,2
데면데면,-1,2
도덕적,2,1
도도,0,0
도둑,-1,5
도리,1,1
도리어,-2,5
도리에 어긋,-2,5
도망,-2,5
도박에서 져,-2,2
도살,-1,4
도와,1,1
도외시,-1,4
도움,1,1
도의심,-1,4
도의심이 없,-1,4
도적질,-1,5
독,-1,2
독감,-1,2
독보적,2,1
독사,-2,2
독차지,-2,0
독창적,2,1
독특,1,1
독하거나,-2,5
독한,-2,5
돈이 많,1,1
돋는,1,1
돋보,1,1
돌겠,-2,5
돌머리,-1,2
돕는,2,1
돕다,2,1
동경,2,1
동기 부여,1,1
동기를 부여,1,1
동기부여,1,1
동의?,1,1
되는대로,-2,5
되바라져,-2,5
되바라지,-2,5
되찾,1,1
두근,2,1
두드러져,2,1
두드러지,1,1
두드러진,1,1
두려운,-2,4
두려움,-2,4
두려워,-2,4
두렵,-2,4
두터,2,1
두텁,1,1
두통,-2,2
둔하,-1,2
둔한,-1,2
뒤가 무지근,-1,5
뒤끓,-2,2
뒤떨어,-2,2
뒤섞,-1,0
뒤숭숭,-1,4
뒤얽혀,-1,0
뒤얽히,-1,0
뒤엉키,-1,0
뒤져,-1,5
뒤지,-2,5
뒤척,-1,0
뒤틀,-2,5
뒷거래,-1,4
드높은,1,1
드러나는 멋,2,1
드러내,2,1
드문드문 벗어,-1,4
드센,-1,5
득템,2,1
든든,2,1
듣기 거북,-2,5
듣기 싫,-2,5
듣기 좋,2,1
듣기에 상쾌,2,1
듣보잡,-1,5
들기 좋,2,1
들끓,-2,5
들떠서,-1,5
들뜬,1,1
들먹이,1,1
들볶,-1,5
들어 앓,-2,5
들어맞,2,1
들어오지 못,-1,4
들지 아니,-2,0
들추어,-2,5
등급이 낮,-1,5
등급이 떨,-1,5
등뼈가 굽,-1,2
등지게,-1,2
따가운,-1,5
따가울,-1,5
따금,-1,5
따돌리,-2,5
따돌림,-2,5
따뜻,1,1
따뜻하지 않,-2,2
따르지 못,-1,2
따르지 않,-2,2
따름,1,1
따분,-1,2
따스함,2,1
따스하,1,1
따지,-1,5
딱 알맞다,2,1
딱딱대,-1,5
딱딱한,-2,5
딱하게,-1,2
딱하고,-2,2
딱하다,-2,2
딱하여,-2,2
딱한,-2,2
딱함,-2,2
딴전,-1,0
딸바보,1,1
때가 끼,-1,4
때가 늦,-1,4
때가 찌들,-2,4
때려,-1,5
때려 죽,-2,5
때를 없,1,1
때리는,-1,5
때림,-1,5
떠넘기,-1,4
떠드는,-1,3
떠들,-1,3
떠벌,-2,3
떡실신,-2,4
떨구다,-1,0
떨다,-1,4
떨림,-1,4
떨며,-1,4
떨어져,-1,4
떨어지,-1,4
떨어트리다,-1,4
떪,-1,4
떳떳,1,1
떳떳하지 못,-1,4
떼를 쓰,-1,5
또라이,-2,5
또랑또랑,2,1
또렷또렷,1,1
또렷,1,1
또렷하지 못,-1,2
또렷하지 아니,-1,2
또렷하지 않,-1,2
또박또박,1,1
똑똑,2,1
똑똑하지 못,-2,4
똑똑하지 않,-2,4
똑바르,2,1
똘똘하지 못,-2,5
똘똘,1,1
똥꼬충,-2,5
똥똥,-1,0
뚜렷,1,1
뚜렷하지 아니,-1,0
뚜렷하지 않,-1,0
뚝둑,-1,0
뚫고,1,1
뚫어,1,1
뚱뚱,-1,5
뛰어나,2,1
뛰어난,2,1
뛰어남,2,1
뛰어넘,1,1
뜨겁다,0,0
뜨끔,-1,4
뜨뜻,1,1
뜻깊,2,1
뜻대로 되지 아니,-2,2
뜻대로 되지 않,-2,2
뜻대로 안,-2,2
뜻밖의 변,-1,4
뜻밖의 사고,-1,4
뜻을 굽히,-1,2
뜻을 이루,2,1
뜻이 강,0,0
뜻이 맞지 아니,-2,2
뜻이 맞지 않,-2,2
뜻이 있,1,1
뜻하지 아니,-1,2
뜻하지 않,-1,2
뜻한 바를 굽히지 않,1,1
띠꾸,-2,0
로맨티,1,1
루머,-1,4
리즈시절,1,1
ㅁㅊ,-1,5
마는 둥,0,0
마땅치 않,-1,5
마땅,2,1
마땅하,2,1
마비,-1,2
마스터피스,2,1
마약,-1,1
간직,1,1
마음씨가 곱,1,1
마음에 걸려,-1,4
마음에 걸리,-1,4
마음에 들,2,1
마음에 들지 아니,-2,4
마음에 들지 않,-2,4
마음에 멍,-2,2
마음에 안 들,-2,5
마음에 여유,2,1
마음에 차지 아니,-1,4
마음에 차지 않,-1,4
마음을 가라앉,1,1
마음을 계속 졸이,-1,4
마음을 깨끗,1,1
마음을 놓을 수 없,-2,4
마음을 놓지 못,-1,4
마음을 상하게,-2,2
마음을 써,1,1
마음을 조임,-1,4
마음을 졸이,-1,4
마음을 졸임,-1,4
마음을 털어놓,1,1
마음을 편안,2,1
마음을 편히,2,1
마음을 홀리,1,1
마음의 병,-1,2
마음이 가볍,2,1
마음이 거북,-2,4
마음이 맑게,2,1
마음이 무거,-2,4
마음이 무겁,-1,4
마음이 불안,-2,4
마음이 불편,-2,4
마음이 상하,-2,4
마음이 상해,-2,4
마음이 상함,-2,4
마음이 쓰리,-2,2
마음이 아프,-2,2
마음이 아파,-2,2
마음이 아픈,-2,2
마음이 아플,-2,2
마음이 움직,1,1
마음이 조급,-2,4
마음이 좁,-2,5
마음이 지쳐,-2,4
마음이 진정,1,1
마음이 초조,-2,4
마음이 텅,-1,2
마음이 편안,2,1
마음이 평온,2,1
마음이 풀리,1,1
마음이 한가,2,1
마음이 허전,-1,2
마음이 후련,2,1
마음이 흐뭇,2,1
마음이 흡족,2,1
마이너스,-2,2
마지못,-1,4
마초맨,1,1
막되,-2,5
막막,-2,4
막연,-2,4
막혀,-2,4
막히,-2,4
막힌,-2,4
막힘없,2,1
만만,-1,4
만성 질환,-1,2
만족,1,1
만족스럽지 못,-1,4
만족스럽지 않,-1,4
만족시키는,2,1
만족시켜,2,1
만큼 귀여운,2,1
많다,2,1
많은 경험,2,1
많은 고생,-1,2
많은 복리,2,1
많은 복,2,1
많음,1,1
말끔,2,1
말다툼,-2,5
말대답,-2,5
말대꾸,-2,5
말똥말똥,1,1
말라,-1,2
말라죽,-1,2
말로 꾀어,-1,2
말썽,-1,5
말쑥,2,1
말없이,-1,0
말짱,2,1
맑,1,1
맑지 못,-1,4
맑지 아니,-1,4
많지 않,-1,4
맛 좋은,2,1
맛깔나,1,1
맛깔스,2,1
맛도 좋은,2,1
맛없,-1,5
맛이 없,-1,5
맛있,2,1
맛이 있,2,1
맛이 좋,2,1
맛집,2,1
망상,-2,4
망설여,-1,4
망설이,-1,4
망신,-2,5
망치,-2,5
망쳐,-2,5
망하,-2,5
망할,-2,5
맞거,-1,0
맞게,2,1
맞고,1,1
맞지 아니,-1,0
맞지 않,-1,0
맞추기 힘들,-2,4
맞추어,1,1
매끄러,1,1
매끄럽,1,1
매끈,1,1
매독,-2,0
매력,1,1
매력이 없,-1,2
매력없,-1,2
매로,-1,5
매로 때리,-2,5
매료,1,1
매를 맞,-1,5
매몰차,-2,5
매섭게,-2,5
매스껍,-2,2
매슥매슥,-2,2
매여,-1,0
매질,-2,5
맥박이 미약,-1,2
맥박이 약,-1,2
맥없,-2,2
맥이 빠,-2,2
맥이 풀,-2,2
맵시,2,1
맵시가 없,-2,0
맵시없,-2,0
맵짜게,-1,5
맹세,1,4
맺힌,-2,5
머리가,0,0
머리가 둔한,-1,5
머리가 울리고,-2,4
머리가 아,-2,2
머뭇,-1,4
머저리,-2,5
먹기 싫,-2,5
먹을 수 없,-1,5
먹음새가 좋,1,1
먹지 못하,-1,5
먹튀,-1,5
먼지,-1,0
멀건,-1,0
멀겋,-1,0
멀끔,2,1
멀리,-1,4
멀쑥,1,1
멀어,-1,4
멀쩡,1,1
멈칫,-1,4
멋없,-2,2
멋이 없,-2,2
멋이 있,2,1
멋있,2,1
멋이나,2,1
멋쟁이,2,1
멋지,2,1
멋진,1,1
멋쩍,-1,0
멍청,-2,5
멍하,-1,4
멍한,-1,4
메말라,-2,2
메스꺼,-2,4
메스껍,-2,4
메슥,-2,4
멘붕,-2,4
면직,-1,4
멸망,-2,5
멸시,-2,5
멸여,-2,5
명랑,2,1
명량,2,1
명망을 잃,-2,2
명망이 높,2,1
명망 높,2,1
명백하지 않,-1,4
명복을 빌,1,1
명성,2,1
명예,1,1
명예 훼손,-2,5
명예롭지 못,-2,5
명존세,-2,5
명쾌,2,1
모두 잃,-2,5
모략,-1,4
모르고,-1,0
모르게,-1,0
모르는,-1,0
모범,2,1
모순,-1,4
모순을 초월한,2,1
모시,-1,5
모양,0,0
모양새가 밉살,-1,5
모양이 꼼꼼,1,1
모양이 아름,2,1
모양이 흉,-2,2
모욕,-2,4
모자라,-1,4
모자란,-1,4
모자람이 없,1,1
모진,-2,5
모질,-2,5
모짊,-2,5
모호,-1,4
목소리가 쉰,-1,4
목숨을 끊,-2,2
목숨이 위태,-2,4
목이 마르,-1,2
목이 잠기,-1,2
목이 텁텁,-1,2
목적을 달성,2,1
목적을 이룸,2,1
몰래,-1,0
몰래 훔치,-1,5
몰래 훔침,-1,5
몰아대,-1,5
몰아붙,-2,5
몰아세,-1,5
몰아쳐,-2,5
몰인정,-1,5
몸가짐을 점잖,2,1
몸가짐이 의젓,1,1
몸보신,1,1
몸살,-1,2
몸이 건강,2,1
몸이 굳어,-1,4
몸이 떨리,-1,4
몸져눕,-2,2
몸짱,1,1
몹쓸,-2,5
못 가누,-1,2
못 견디,-2,5
못 되,-2,5
못 됨,-1,5
못 미쳐,-1,2
못 쓰,-1,2
못 하,-1,5
못나,-2,5
못난,-2,5
못남,-2,5
못났,-2,5
못되,-2,5
못된,-2,5
못됨,-2,5
못마땅,-2,5
못살게,-2,5
못생겨,-2,5
못생겼,-2,5
못생기,-2,5
못생긴,-1,5
못생김,-2,5
못하거나,-2,5
못하게,-2,5
못하겠,-2,4
못하고,-2,5
못하다,-2,5
못하던,-1,5
못하도록,-1,5
못하여,-1,5
못한,-1,4
못할,-1,4
못함,-1,4
무가치,-1,4
무거운 걸음,-2,2
무거운 기운,-2,2
무거운 발걸음,-2,2
무거운 분위기,-2,2
무겁,-1,4
무게 있,1,1
무게가 있,1,1
무관심,-1,0
무궁무진,1,1
무기력,-2,2
무너뜨,-2,2
무너지,-2,2
무너짐,-2,4
무뇌충,-2,5
무능,-1,2
무단 결석,-2,4
무단결석,-2,4
무더위,-2,4
무디다,-2,4
무뚝뚝,-1,4
무량,1,1
무례,-2,5
무료,1,1
무르,1,1
무릎이 시리,-1,2
무리하,-1,4
무모,-1,5
무분별,-2,5
무사히,1,1
무서운,-2,4
무서울,-2,4
무서움,-2,4
무서워,-2,4
무섭,-2,4
무섭기까지,-2,4
무섭다,-2,4
무시,-2,4
무안,-2,4
무엇에 얽매,-1,2
무의미,-2,5
무자비,-2,5
무정,-2,2
무지근,-1,2
무지러져,-1,2
무지하,-2,4
무지한,-2,4
무지함,-2,4
무질서,-2,5
무책임,-2,5
무탈,2,1
무한이기주의,-1,5
무해,2,1
무효,-1,2
문드러,-1,4
문란하,-2,4
문맹,-1,0
문제 삼,-1,5
문체가 화려,1,1
물건이 귀엽,2,1
물러나,-1,4
물러서,-1,4
물리,-1,4
물어,-1,0
물에 빠,-1,4
물이 맑,1,1
물이 오르,1,1
물정에 밝,1,1
물질대사가 안,-1,4
물질적인 이득,2,1
물집,-1,2
뭇사람을 구제,1,1
뭐서워,-2,4
므흣,1,1
미개,-1,5
미끄러,-1,4
미끄럽,-1,4
미끈,1,1
미덥지,0,0
미덥지 못,-2,2
미덥지 아니,-2,2
미덥지 않,-2,2
미띤,-1,5
미련,-1,4
미련없,1,1
미련 없,1,1
미루거나,-1,4
미루다,-1,4
미루지,1,1
미묘,1,1
미세,1,1
미소,2,1
미숙,-1,2
미안,-2,2
미약,-1,2
미운,-2,5
미움,-2,5
미워,-2,5
미인,2,1
미천,-2,4
미치겠,-2,4
미치지 못,-1,4
미친,-2,4
미칠,-1,4
미혹한,-2,2
믿고,1,1
믿다,1,1
믿을,2,1
믿을 수 없,1,1
믿음,1,1
믿지 못,-2,4
믿지 아니,-2,4
믿지 않,-2,4
밀려나,-1,2
밀려나지 않,1,0
밀린,-1,2
밉게,-2,5
밉다,-2,5
밉살스,-2,5
밋밋,-1,4
ㅂㅅ,-1,5
바라다,0,0
바라는,0,0
바란,0,0
바람,0,0
바라진,-1,5
바람을 피,-1,5
바람직,2,1
바래,-1,2
바로잡,1,1
바르거나,2,1
바르게,2,1
바르고,2,1
바르다,2,1
바르며,2,1
바르지 못,-1,5
바르지 않,-1,5
바르지 아니,-1,5
바른,2,1
바를 이루,2,1
바보,-1,4
바쁘게,-1,4
바스러질,-1,5
바이러스,-1,4
바지직,-1,4
바짝 재촉,-1,4
박복,-1,0
박약,-1,5
박탈,-2,5
반가운,2,1
반갑다,2,1
반기다,2,1
반기지 않,-2,5
반대,-2,5
반드러운,2,1
반드럽,2,1
반드르르,2,1
반들반들,1,1
반듯,1,1
반란,-2,5
반반하,-2,0
반발,-2,5
반벙어리,-1,2
반성,1,1
반신불수,-2,2
반역,-2,5
반지랍지 못,-1,5
반품남,-1,4
반품녀,-1,4
반하다,1,1
반항,-2,5
반해,1,1
반했,1,1
받다,1,1
받들어,2,1
받아들여지지 않,-2,2
받아들이지 않,-2,2
받지 못,-1,2
발기 불능,-2,2
발길질,-1,5
발끈,-2,5
발달,1,1
발라서,1,1
발랄,2,1
발연기,-1,5
발열,-1,2
발육되지 못,-1,2
발을 헛디디,-1,4
발작,-2,3
발전,1,1
발컨,-1,0
발휘하지 못,-1,2
밝게,2,1
밝고,2,1
밝다,2,1
밝아,2,1
밝은,2,1
밝지 못,-1,0
밝지 않,-1,2
밥이나 축내,-2,5
방긋,2,1
방면에 능,2,1
방자,-1,5
방정,-2,5
방치,-1,3
방탕,-2,5
방해,-2,5
방향도 없,-1,2
배가 떠남,-1,2
배가 아프,-1,2
배를 곯,-2,2
배반,-2,5
배신,-2,5
배우는,0,0
배우다,1,1
배우지 못,-1,2
배은망덕,-2,5
배척,-2,4
배탈,-2,2
버겁,-2,4
버그러,-2,5
버려,-2,2
버릇,0,0
버릇없,-2,5
버릇이 없,-2,5
버리다,-2,2
버린,-2,2
버성기,-1,4
버젓,2,1
버젓하지 못,-2,4
버프,1,1
벅차다,0,0
번거로,-2,4
번거롭,-2,4
번듯,1,1
번지르르,0,0
번창,2,1
번하다,1,1
벌,-2,4
벌레,-1,4
벌받,-2,4
벌벌 떨,-1,4
범인,-2,5
범죄,-2,5
법석,-1,5
벗,1,1
벗어나,-1,5
벗어나지 못,-1,5
벗어남이 없,1,1
벙글거리,0,0
벙긋,2,1
벙벙,-1,0
베푸는,1,1
베풀,1,1
벼르다,-1,5
벼르고,-1,5
변덕,-1,5
변변찮은,-2,2
변변치 못,-2,2
변변하지 못,-2,2
변비,-1,2
변사,-2,2
변태,-1,5
변함없,1,1
별로,-1,5
별스러,-1,5
별안간 호들갑스럽게,-1,5
볍신,-2,5
병,-1,2
병든,-2,2
병들,-2,2
병맛,-1,1
병신,-2,5
병으로,-2,2
병을 치료,2,1
병적인,-1,5
보고 싶,0,0
보기 거북,-2,5
보기 사납,-2,5
보기 싫,-2,5
보기 좋,2,1
보기 흉,-2,5
보기도 괜찮,1,1
보답,1,1
보드라운,1,1
보드랍,1,1
보드랍지 못,-2,0
보란 듯이,1,1
보람,1,1
보람 없,-1,2
보람 있,2,1
보배,1,1
보살피,1,1
보송보송,1,1
보수적,-1,5
보잘것없,-2,5
보채고,-1,5
보채는,-1,5
보채다,-1,5
보챈,-1,5
보챔,-1,5
보충,1,1
보탬,1,1
보통 이상,1,1
보호,1,1
복된,2,1
복리,2,1
복스러운,2,1
복스럽,2,1
복원 불가,-1,3
복을,2,1
복이,2,1
복잡,-1,5
복종,-1,4
복통,-2,2
본받,2,1
본받아,1,1
본심을 감추,-1,4
볼 낯이 없,-1,4
볼것이 없,-2,5
볼매,1,1
볼쌍사납,-2,5
볼썽사납,-2,5
볼품없,-2,2
봄날의,1,1
봉변,-2,4
부귀한,2,1
부글거리,-1,5
부끄러,-1,3
부끄럽,-1,3
부담,-2,4
부담이 없,2,4
부당,-2,5
부도덕,-2,5
부드러우,1,1
부드러운,1,1
부드러워,1,1
부드럽,1,1
부득기소,-1,5
부딪치,-1,5
부러뜨,-1,5
부러운,1,1
부러워,1,1
부러지,-2,3
부러짐,-2,3
부럽,-1,2
부르르,0,0
부산을 떨,-1,4
부산을 피,-1,4
부산 떨,-1,4
부산하,-1,4
부산한,-1,4
부상,-2,2
부서지,-1,2
부스럼,-1,2
부스스,-1,4
부실,-1,2
부심,-1,4
부어,-1,2
부인,-2,3
부자,1,1
부자연,-2,4
부작용,-2,5
부적격,-2,5
부적당,-1,5
부적절,-2,5
부정,-1,5
부정적,-2,5
부정직,-2,5
부정하,-2,5
부정행위,-1,5
부정확,-1,5
부조리,-2,5
부조화,-2,5
부족,-1,2
부주의,-1,4
부지런,2,1
부진,-2,2
부질없,-2,2
부추겨,-1,5
부추기,-1,5
부패,-1,5
북받쳐 일어,1,1
분간이 안,-2,4
분간하기 어려,-2,4
분간하기 어렵,-2,4
분개,-2,5
분격,-2,5
분노,-2,5
분명,1,1
분발,0,0
분별없,-1,5
분수 없,-2,5
분수를 모르,-2,5
분수없이,-2,5
분수에 넘치,-2,5
분수에 맞지 아니,-2,5
분수에 맞지 않,-2,5
분열병,-1,5
분위기가 좋,1,1
분위기 좋,2,1
분위기에 어울,2,1
분탄,-2,5
분탕,-2,5
분통,-2,5
분풀이,-2,5
분하거나,-2,5
분하게,-2,5
분하고,-2,5
분하다,-2,5
분하여,-2,5
분한,-2,5
분함,-2,5
불건전,-2,4
불결,-2,5
불경기,-2,4
불균형,-2,4
불길,-2,4
불끈,-2,5
불량,-2,5
불리,-1,2
불만,-1,5
불만없,2,1
불만이 없,2,1
불만이 있,-2,5
불만족,-2,5
불면,-1,5
불명예,-2,5
불법,-2,5
불성실,-1,5
불순물,-1,5
불신,-2,5
불쌍,-2,2
불안,-2,4
불안전성,-2,4
불안정,-2,4
불에 닿은,-2,0
불운,-1,4
불충분,-2,4
불치병,-2,2
불쾌,-2,5
불편,-2,5
불편부당,1,1
불평,-2,5
불평등,-2,5
불평판,-2,5
불합격,-2,5
불합리,-2,5
불행,-1,5
불협화음,-2,5
불화,-2,5
불황,-2,5
불효,-2,5
붉으락푸르락,-1,5
붓고,-1,2
붓는,-1,2
붙어 싸우,-2,5
붙임성,1,1
붙임성 있,1,1
붙임성이 없,-1,0
붙임성 없,-1,0
비관적,-2,4
비굴,-2,4
비극,-2,2
비꼬,-2,5
비난,-2,5
비뚤,-1,5
비련,-2,2
비리,-2,5
비만,-2,5
비매,-1,5
비방,-1,5
비속,-2,5
비싸,-2,3
비싼,-2,3
비아냥,-2,5
비열,-2,5
비웃,-1,5
비위 상,-2,5
비위가 뒤집,-1,5
비위가 상,-1,5
비위를 맞추,-1,2
비위상,-2,5
비위에 거슬리,-1,5
비위에 맞지 아니,-1,5
비위에 맞지 않,-1,5
비장의,1,1
비정상,-1,4
비정한,-1,5
비정하,-1,5
비좁,-1,5
비중이 있,1,1
비중 있,1,1
비참,-2,2
비추천,-2,5
비추,-1,5
비탄,-2,2
비통,-2,2
비틀거리,-1,4
비틀어,-1,2
비판,-1,5
비평,-1,5
비합리,-2,5
비현실,-2,4
비효율,-2,5
빈대,-2,2
빈둥,-1,4
빈정거리,-2,5
빈정거릴,-2,5
빈틈없,1,1
빈혈,-1,2
빌빌대,-2,2
빌빌하,-2,2
빌빌거,-2,2
빙긋,1,1
빚,-2,4
빛,1,1
빛나,1,1
빛을 잃,-2,4
빠듯,-1,4
빠뜨리,-1,2
빠뜨려,-1,2
빠르,2,1
빠지직,-1,4
빠트,-1,4
빡도네,-2,5
빡돌다,-2,5
빡세,-2,5
빡치,-2,5
빤빤스럽,-2,5
빤빤하게,-2,5
빵꾸똥꾸,-1,5
빵셔틀,-1,5
빼돌려,-2,5
빼앗,-2,5
빼어나,2,1
빼어난,2,1
뺀질대다,-2,5
뺨이 붓고,-1,2
뻐근,-1,2
뻑뻑하지 않,1,1
뻑적지근,-1,4
뻔뻔,-2,5
뼈마디가 아프,-2,2
뼈마디가 저리,-2,2
뽀록,1,1
뽀얀,1,1
뽐내,1,1
뽐낼,1,1
뽑히지 못,-1,2
뿌듯,2,1
삐딱,-2,5
삐뚤,-2,5
삐죽,-2,5
ㅄ,-1,5
ㅅㅂ,-1,5
ㅅㅅ,1,1
사고,-1,2
사교,1,2
사납,-1,4
사나운,-2,4
사늘,-1,4
사람다운,1,1
사람답지 못,-2,5
사랑,2,1
사망,-2,2
사멸,-2,4
사모,2,1
사무치,-2,2
사뿐,1,1
사사로운,-2,5
사사롭,1,1
사세난연,-2,4
사악,-2,5
사양,-1,0
사치,-1,5
사형,-2,5
삭는,-1,2
삭막,-2,0
산 교훈,1,1
산뜻,2,1
살그머니,1,1
살기,-2,5
살기 힘든,-2,5
살아가,2,1
살이 쪄,-1,2
살이 찌,-1,2
살이 찐,-1,2
살인,-1,4
살해,-1,4
상긋,1,1
상냥,2,1
상당,1,1
상서로,1,1
상서롭,1,1
상스러,-2,5
상스럽,-2,5
상습범,-2,5
상승곡선,1,1
상승세,1,1
상승,1,1
상실,-1,2
상심,-2,2
상처,-2,2
상쾌,2,1
상큼,1,1
상하,-2,2
색감이 밝,1,1
색다른,1,1
색다르,1,1
색에 빠,-1,5
샐그러뜨,-1,5
샐쭉,-1,5
샘나,-1,5
샘바르,-1,5
샘을 부,-1,5
샘하,-1,5
생각 따위가 좁,-1,5
생각 없,-1,5
생각이 모자,-1,5
생각이 부족,-1,5
생각이 아득,-2,5
생각이 좁,-1,5
생겨나,1,1
생글,1,1
생긋,1,1
생기,1,1
생동감,1,1
생생,1,1
서글프,-2,2
서글피,-2,2
서늘,1,1
서러운,-2,2
서러움,-2,2
서러워,-2,2
서러이,-2,2
서럽,-2,2
서먹,-1,2
서운,-1,2
서정적,1,1
서투르,-1,0
서투른,-1,2
서투름,-1,2
선득선득,-1,0
선뜻,1,1
성량하,1,1
선량,1,1
선명,1,1
선명하,1,1
선명하지 못,-2,2
선명하지 않,-2,2
선선,1,1
선전,1,1
선진적,1,1
선하,2,1
선행,2,1
선호,2,1
설렁설렁,-1,2
설레,1,1
설레발,-1,1
설사,-1,2
설움,-2,2
설친,-1,5
설치,-1,5
섬뜩,-2,3
섬세,1,1
섭섭,-2,5
섭하,-1,5
성가시,-2,5
성가셔,-2,5
성가실,-2,5
성격이 너그럽,2,1
성격이 사납,-2,5
성격이 온화,2,1
성공,2,1
성공적,2,1
성과,1,1
성과가 있,1,1
성교,1,1
성교 하다,1,1
성급,-1,4
성기다,-1,0
성나다,-2,5
성난,-2,5
성내,-2,5
성숙,1,1
성실,2,1
성을 내,-2,5
성을 냄,-2,5
성을내,-2,5
성의 없,-2,2
성의,1,1
성의있,2,1
성의없,-2,5
성이 나,-2,5
성이 남,-2,5
성이나,-2,5
성장,1,1
성접대,-2,5
성질나,-2,5
성질내,-2,5
성질부리,-2,5
성질이 악,-2,5
성취,2,1
세련,2,1
세련되지 않,-2,0
세상 종말,-2,2
세상이 망,-2,4
세일,1,1
센세이션,1,1
센셰이셔널,1,1
소고집,-1,5
소극적,-1,0
소득,1,1
소득이 없,-2,2
소란스러,-2,3
소란스럽,-2,3
소란하게,-2,3
소름,-2,3
소름이,-2,3
소름끼치,-2,3
소름 돋,-2,3
소망,1,1
소스라치,-2,3
소외,-2,2
소용없,-2,2
소음,-1,0
소중,2,1
소중하,2,1
소중한,2,1
소중히,2,1
소질,1,1
소탈,1,1
소홀,-2,2
소화 불량,-1,2
속되게,-2,5
속박,-2,4
속상,-2,2
속셈,-2,4
속여,-1,5
속을 썩이,-2,2
속을 썩임,-2,2
속을 태우,-2,2
속을 태움,-2,2
속이 거북,-2,4
속이 깊,2,1
속이 끓는,-2,5
속이 느글,-2,4
속이 느끼,-2,4
속이 답답,-2,4
속이 매스껍,-2,4
속이 매슥,-2,4
속이 메스꺼워,-2,4
속이 부글,-2,4
속이 불편,-2,4
속이 빈,-1,4
속이 상,-2,3
속이 상하,-2,3
속이 상해,-2,3
속이 시원,2,1
속이 쓰리,-1,2
속이 아픈,-2,2
속이 언짢,-2,5
속이 엉큼,-1,5
속이 울렁거,-2,2
속이 좁,-2,5
속이 찌르,-2,2
속이 타,-1,5
속이거나,-2,5
속이고,-2,5
속이기,-2,5
속이는,-2,5
속이다,-2,5
속이려,-2,5
속이며,-2,5
속인다,-2,5
속임,-2,0
속절없,-1,2
속죄,1,1
속태,-2,2
손가락이 없,-1,2
손발이 굳,-1,4
손발이 잘,-1,2
손발이 차,-1,2
손보아,1,1
손부끄러,-1,2
손부끄럽,-1,2
손상,-2,2
손실,-2,5
손으로 탐스럽,1,1
손해,-2,5
손해 배상,-2,5
솔직,2,1
솜씨가 깨끗,2,1
솜씨가 뛰,2,1
솟아나,1,1
송구스럽,-2,2
쇠멸,-2,2
쇠약,-2,2
쇠잔하,-2,2
쇠퇴,-2,2
쇠하,-2,2
수고가,0,0
수고,1,1
수군덕,-1,4
수긍,1,1
수꼴,-1,5
수더분,0,0
수두,-1,2
수면 부족,-1,2
수면부족,-2,2
수상쩍,-1,4
수선스,-1,4
수선을 부,-1,5
수수하,1,1
수습,1,1
수요가 늘어,1,1
수월,2,1
수익,1,1
수준에 미치지 못,-1,4
수준을 뛰어,1,1
수준이 낮,-2,5
수준이 높,1,1
수준이 매우 낮,-2,5
수줍,0,0
수척,-2,2
수치,-2,4
수치플,-1,2
수혜,1,1
숙련,1,1
순간적으로 치,-2,5
순결,2,1
순박,1,1
순서상으로 앞,0,0
순수,1,1
순순,1,1
순정파,1,1
순정,1,1
순조롭,2,1
순조롭게 하지 못,-2,2
순조롭지 못,-2,2
순조롭지 않,-2,2
순종,1,1
순진,1,1
순탄,1,1
순탄하지 못,-2,2
순탄하지 않,-2,2
순편,1,1
순하게,1,1
순하고,-2,2
순하다,1,1
순하지 않,-2,2
순한,1,1
순환의 장애로,-2,2
술렁거리,-1,4
숨 막히,-2,2
숨 쉬기 어렵,-1,2
숨결이 밭,-1,2
숨김없,1,1
숨김이 없,1,1
숨소리가 고르지 않,-2,4
숨소리를 거칠,-2,4
숨쉬기가 힘들,-1,4
숨어 살,-1,2
숨이 가빠,-2,3
숨이 가쁘,-2,3
숨이 막히,-2,4
숨이 막힐,-2,4
숨이 막힘,-1,4
숨이 몹시 차,-1,4
숨이 차,-1,4
숫기가 없,-1,4
숭상하여,2,1
쉬거나,-2,2
쉬면서,1,1
쉬워,1,1
쉰,-2,0
쉴드,1,1
쉽거나,2,1
쉽게,1,1
쉽게 노한다,-2,4
쉽게 바스러질,-1,4
쉽게 토라지는,-1,4
쉽지 않,-1,4
스산,-2,3
스스러움,-1,2
스스럼없,1,1
스스럼이 없,1,1
스트레스,-2,5
스포,-1,5
슬기,1,1
슬기로,1,1
슬기롭,1,1
슬기롭지 못,-2,0
슬쩍,-1,0
슬퍼,-2,2
슬프게,-2,2
슬프고,-2,2
슬프기,-2,2
슬프다,-2,2
슬프도다,-2,2
슬픈,-2,2
슬플,-2,2
슬픔,-2,2
슬피,-2,2
습진,-1,2
승낙,2,1
승리,2,1
시그럽,-1,0
시근시근,-1,2
시기하,-1,5
시기함,-2,5
시끄럽,-2,5
시끌시끌,-2,5
시달리,-2,2
시달림,-2,2
시답지 아니,-1,5
시답지 않,-2,5
시대에 뒤떨,-2,2
시든,-2,2
시들,-2,2
시련이,-1,2
시름시름,-2,2
시름하,-2,2
시망,-2,2
시무룩,-2,2
시발비용,-1,5
시비,-2,5
시새움,-2,5
시샘,-2,5
시선이 혹,1,1
시시하,-1,2
시시한,-2,2
시원스러운,2,1
시원스럽,1,1
시원스럽게 하지 못,-2,2
시원스럽게 하지 않,-2,2
시원스럽지 못,-1,2
시원스럽지 아니,-1,2
시원스럽지 않,-1,2
시원스레,2,1
시원시원,2,1
시원찮,-2,5
시원하,1,1
시원하지 못,-1,2
시원하지 아니,-1,2
시원하지 않,-1,2
시원한,1,1
시일이 늦,-1,0
시장하,-1,2
시장한,-1,2
시체,-2,4
시치미,-1,5
시큰거,-1,5
시큰둥,-1,2
식견,1,1
식량이 없,-1,2
식량 부족,-1,2
식량이 부족,-1,2
식상,-1,5
식욕 부진,-1,2
식욕이 없,-1,2
식중독,-1,2
신경 쇠약,-2,2
신경이 마비,-2,2
신경증,-1,5
신경질,-2,5
신기,1,3
신나다,2,1
신령스러운,1,1
신령하,1,1
신뢰,1,1
신뢰할 수 없,-1,5
신뢰할 수 있,1,1
신명,2,1
신묘,1,1
신물,-1,5
신바람,2,1
신박,1,1
신분을 낮추,-1,0
신분이 낮,-1,5
신선,1,1
신선하지 않,-1,5
신성한,1,1
신이 나,2,1
신이나,2,1
신이난,2,1
신중,1,1
신중하지 못,-1,5
신컨,1,1
신통,1,1
신통하지 않,-1,5
싣기 불편,-2,5
실답지 못,-2,5
실랑이,-1,5
실력을 기,1,1
실망,-2,2
실속,1,1
실속 없,-2,2
실속 있,2,1
실속은 없,-2,2
실속이 없,-2,2
실속이 있,2,1
실수,-1,2
실심,-2,0
실없,-2,4
실용적,1,1
실제로 이루,1,1
실제로 이뤄,1,1
실천,1,1
실패,-2,2
실하게,2,1
실하고,2,1
실하다,2,1
실하지 못,-2,2
싫거나,-2,5
싫게,-2,5
싫고,-2,5
싫다,-2,5
싫도록,-2,5
싫어,-2,5
싫은,-2,5
싫을,-2,5
싫이,-2,5
싫증,-2,5
심각,-2,4
심리적인 충격,-2,3
심술,-2,5
심신 미약,-1,0
심신 박약,-1,0
심심하고,-1,2
심오,-2,0
심장 마비,-1,2
심장마비,-2,2
심장병,-2,2
심쿵,2,1
심하,-2,5
심한,-2,4
심해지,-2,2
심했,-2,2
심해졌,-2,2
심히 모자라,-2,2
심히 아파,-2,2
싱거운,-1,2
싱겁,-1,2
싱그럽,2,1
싱그러,2,1
싱글,2,1
싱긋,1,1
싱싱,2,1
싶지 아니,-1,0
싶지 않,-1,0
ㅆ,1,5
ㅆㅂ,-1,5
싸늘,-1,4
싸우는,-2,5
싸우다,-2,4
싸움,-1,5
싹싹,2,1
쌀쌀,-1,5
쌓인 원망,-2,5
쌓인 원한,-2,5
써글써글,2,1
썩거나,-2,2
썩는,-2,2
썩소,-1,5
썩어서,-2,5
썩이다,-2,5
썩임,-2,5
썰렁,-1,4
썸,1,1
쏘아붙,-1,4
쑤시는,-1,4
쑤시듯,-2,2
쑤시며,-1,5
쑤신다,-1,4
쑤심,-1,4
쑥스럽,-1,2
쓰기 좋,1,1
쓰라리,-2,2
쓰라린,-2,2
쓰라림,-2,2
쓰러뜨,0,2
쓰러져,-2,2
쓰러지,-2,2
쓰러질,-2,2
쓰리,-2,2
쓰며,-2,2
쓴,-1,2
쓸 만,1,1
쓸데없,-2,5
쓸모 있,1,1
쓸모있,1,1
쓸모없,-2,2
쓸모 없,-2,2
쓸모가 없,-2,2
쓸쓸,-2,2
씁씁,-1,2
씩씩,1,1
씹다,-1,2
씻어,1,1
ㅇㄴ,-1,5
ㅇㅅㅇ,1,1
ㅇㅈ,1,1
ㅇㅋ,1,1
ㅇㅎ,1,1
아기자기,1,1
아까움,-1,2
아까워,-1,2
아깝,-1,2
아끼고,1,1
아끼다,1,1
아끼어,1,1
아껴,1,1
아낌,1,1
아낌없,1,1
아늑,1,1
아니꼬,-2,5
아니꼽,-2,5
아니다,-2,0
아니하,-2,0
아담,1,1
아득,-1,2
아량,1,1
아름다,2,1
아름답,2,1
아리땁,2,1
아무 성과,-1,2
아무 쓸모,-2,2
아무것도 없,-2,2
아무렇게나,-1,5
아무에게나 함부로,-1,5
아삭,1,1
아쉬움,-1,2
아쉬움 없이,2,1
아쉬워,-1,2
아쉽,-1,2
아슬아슬,-1,4
아아 슬프도다,-2,2
아오안,-1,0
아웃 오브 안중,-1,0
아찔,-1,3
아첨,-1,0
아파,-2,2
아프,-2,2
아픈,-2,2
아플,-2,2
아픔,-2,2
악당,-1,4
악독,-2,4
악마,-2,4
악명 높,-1,4
악명높,-1,4
악몽,-2,4
악성,-2,4
악순환,-2,4
악업,-2,4
악에,-2,4
악에 받쳐,-2,5
악연,-2,4
악을 쓰,-2,5
악의,-2,5
악의의,-1,5
악의적,-1,5
악취,-1,5
악플,-2,5
악하,-2,5
악한,-2,5
악화,-2,5
안 좋,-2,5
안구 정화,1,1
안구 테러,-1,5
안궁,-1,0
안달,-1,4
안도,1,1
안락,1,1
안목,1,1
안물,-1,0
안습,-1,2
안심,1,1
안쓰러,-1,2
안쓰럽,-1,2
안전,2,0
안전하지 못,-2,4
안전하지 않,-2,4
안절부절,-1,2
안정,1,1
안정감이 없,-2,2
안정되지 못,-2,2
안정되지 아니,-2,2
안정을 찾,1,1
안정한,1,1
안타까,-2,2
안타깝,-2,2
알기 쉽,1,1
알기 어렵,-1,4
알맞,1,1
알맞게,1,1
알맞다,1,1
알못,-1,0
알아차리지 못,-1,4
알차,2,1
앓아,-2,2
앓고,-2,2
앓는,-2,2
앓다,-2,2
앓을,-1,2
앓음,-2,2
암담,-1,2
압박감,-1,4
앙 기모띠,2,1
앙갚음,-2,5
앙칼,-1,5
앙큼,-1,5
앞잡이,-1,5
앞질러,1,1
애가 타,-1,4
애교,1,1
애달파,-2,2
애달프,-1,2
애도,-2,2
애를 먹,-1,2
애를 써,-1,2
애써,-1,2
애석,-2,2
애절,-2,2
애정,1,1
애지중지,2,1
애착,1,1
애처롭,-2,2
애처로,-2,2
애타,-1,2
애탄,-2,2
애통,-2,2
애틋,1,1
야들야들,1,1
야멸차,-2,5
야무지,2,1
야박,-2,5
야비,-2,5
야살,-2,5
야속,-2,2
야위,-1,2
야유,-2,5
약빠르,-1,5
약속,1,1
약을 올리,-2,5
약이 올라,-2,5
약점,-2,4
약탈,-2,5
약한,-1,2
약하,-1,2
약해,-1,2
얄미운,-2,5
얄미울,-2,5
얄미워,-2,5
얄밉,-2,5
얌전,1,1
양보,1,1
양심,1,1
어긋,-1,4
어긋나,-1,4
어긋나지,1,4
어긋남이 없,1,1
어기다,-1,5
어두운,-1,4
어두침침,-1,4
어둑,-1,4
어둡,-1,4
어려워,-2,2
어려운,-2,2
어려울,-2,2
어려움,-1,2
어려움 없,2,1
어려움을 극복,2,1
어려워,-2,2
어렴풋,-1,2
어렵,-1,2
어렵지 않,1,1
어른 같,1,1
어리둥절,-1,3
어리벙,-1,4
어리석,-2,4
어리숙,-2,2
어색,-1,0
어설프,-1,0
어설픈,-1,0
어설피,-1,0
어수룩,-1,0
어수선,-1,0
어여뿌,2,1
어여쁘,2,1
어울려,2,1
어룰리,2,1
어울리,2,1
어이가 없,-1,5
어이없,-1,5
어이없어,-1,5
어이없이,-1,5
어이없다,-1,5
어정쩡히,-1,5
어줍잖,-2,5
어중간,-1,5
어중간한,-1,5
어지간,1,1
어지간히,-2,5
어지간하,-1,2
어지러우,-1,2
어지러운,-1,2
어지러워,-1,2
어지럼,-1,2
어지럽,-1,2
어지르다,-1,4
어진,2,1
어진 마음,2,1
어진 사람,2,1
어질고,2,1
어질다,1,1
어쭙잖,-2,2
어찌할 바를 모르,-1,3
어찌할 바를 몰라,-1,3
어찌할 줄 몰라,-1,3
어찌할 줄을 몰라,-1,3
어처구니없,-1,5
어필,1,1
억누르,-2,4
억누름,-2,4
억눌러,-2,4
억눌러 못,-2,4
억눌리,-2,4
억세,-1,4
억세어,-1,4
억압,-2,4
억압되,-2,4
억울,-2,2
억제,-1,4
억지,-1,5
억지스,-1,5
억척스,0,5
언짢,-2,5
언짢이,-2,5
얻어맞,-1,4
얻지 못,-1,0
얼굴빛이 누,-1,2
얼굴이 곱,2,1
얼굴이 깨끗,2,1
얼굴이 꺼칠,-1,4
얼굴이 말쑥,2,1
얼굴이 붉으락푸르락,-1,5
얼굴이 야위,-1,2
얼굴이 창백,-1,2
얼떨떨,-1,3
얼렁뚱땅,-1,4
얼룩덜룩,-1,4
얼빠져,-1,3
얼빠진,-1,3
얼얼,-1,2
얼얼한,-2,2
얼이 빠지,-1,2
얼이 빠짐,-1,2
얽매여,-1,5
얽매여서,1,1
얽은,-1,0
엄격,-1,5
엄격하,-1,5
엄살,-1,4
엄살을,-1,4
엄친아,2,1
엄하,1,1
업귀,-2,0
업신,-2,5
업신겨여,-2,5
업신여기,-2,4
업신여기고,-2,4
업신여기는,-2,4
업신여기다,-2,5
업신여기어,-2,4
업신여김,-2,5
업적,1,1
업적을,1,1
업적이나,1,1
없거나 모자라,-2,2
없다,-1,0
없애 버리,-2,4
없애 버리다,-2,5
없애 버림,-2,5
없애다,-2,5
없어서,-1,0
없어져,-1,0
없어지다,-1,0
없어진,-1,0
없어짐,-1,0
없으면서,-1,0
없음을,-1,0
엉뚱,-1,3
엉뚱하,-1,3
엉뚱한,-1,3
엉성하,-1,2
엉성한,-1,2
엉큼,-1,4
엉큼하,-1,4
엉큼한,-1,4
엉터리,-2,5
엎어지,-1,0
엘리트,1,1
여린,-1,2
여병추,-2,5
여위,-1,2
여위게,-1,2
여위고,-1,2
여위어,-1,2
여윈,-1,2
여유,1,1
여유 없,-1,0
여유 있,1,1
여유로운,1,1
여유롭,1,1
역겹,-2,5
역겨,-2,5
역경,-1,2
역사적,0,0
역전패,-1,5
역전,1,1
역정,-2,5
역정을,-2,5
역정이,-2,5
역증,-2,5
역한,-2,4
연민,-1,2
연민스럽,-1,2
연민이나,-1,2
연민하다,-1,2
연애,1,1
연애를,1,1
연약,-1,2
연하게,1,1
연하고,1,1
열공,1,1
열광,2,1
열렬한,2,1
열렬히,2,1
열매를 맺,1,1
열받,-2,5
열병,-2,2
열심히,1,1
열심히 하,1,1
열심히 하지 아니,-1,0
열없,-1,2
열없이,-1,2
열이 나,-1,5
열정,1,1
열중하,1,1
열증,-1,2
열폭,-2,5
염려,-2,4
염려가,-2,4
염증,-2,2
염치 없,-1,5
염치가 없,-1,5
염치없,-1,5
염탐,-1,5
엿보,-1,4
영감을 얻,1,1
영광,2,1
영광스럽고,2,1
영광스럽다,2,1
영롱하다,2,1
영리하,2,1
영리한,2,1
영악한,-1,5
영양 부족,-1,2
영양 실조,-1,2
영예,1,1
영예로운,1,1
영웅,2,1
영정,-2,0
영특,2,1
예민,-1,4
예방,1,1
예뻐지,2,1
예쁘게,2,1
예쁘고,2,1
예쁘다,2,1
예쁜,2,1
예술적,1,1
예술적인,1,1
예스러운,1,1
예의,1,1
예의 바르,2,1
예의 바른,2,1
예의범절에 어긋,-2,5
예의에 벗어,-2,5
예절을 모르,-1,5
예절을 지키,1,1
오그라들,-1,4
오답,-1,0
오도,-2,5
오래 앓다,-2,2
오래되거나,-1,0
오랜 병으로,-2,2
오붓하,2,1
오붓하게 ,2,1
오순도순,2,1
오스스 소름이,-1,4
오슬오슬,-1,4
오싹,-1,3
오싹오싹,-1,3
오싹하,-1,3
오염,-1,4
오염되,-2,4
오염된,-2,4
오용,-2,4
오용하,-1,4
오점,0,4
오크,-1,4
오한,-1,4
오해,-1,5
오해의 소지,-2,5
옥신각신,-1,5
옥처럼,1,1
온 정성,1,1
온 힘,1,1
온갖 요망,-1,4
온갖 정성,2,1
온갖 험한,-2,5
온도가 알맞,1,1
온몸이 노곤,-1,2
온몸이 붓,-1,2
온순,1,1
온전,1,1
온화,2,1
올곧지 아니,-1,0
올바로,2,1
올바로 볼,2,1
올바르,1,1
올바르지 못,-2,5
올바르지 않,-2,5
올바른,2,1
올바름,2,1
올ㅋ,1,1
옭아 묶,-1,0
옮아,-1,4
옳거나,2,1
옳게,2,1
옳고,2,1
옳다,1,1
옳은,1,1
옳지 못,-2,5
옳지 아니,-2,5
옳지 않,-2,5
옹골,1,1
옹골차,1,1
옹골차다,1,1
옹졸하고,-2,5
옹졸하다,-2,5
옹졸한,-2,5
와해,-2,5
완벽,2,1
완벽한,1,1
완성,1,1
완성된,1,1
완성품,1,1
완성하,1,1
완성하지 못,-1,4
완소,2,1
완전무결,2,1
완전무결한,2,1
완전하,1,0
완전하지 못,-2,4
완전한,2,1
왕성,1,1
왕성하,1,1
왕성하게,1,1
왕성하다,1,1
왕성해지,1,1
외로운,-1,2
외롭다,-1,2
외로워,-1,2
외롭,-1,2
외로워서,-1,2
외롭게,-1,2
외롭고,-1,2
외로이,-1,2
외롭거나,-1,2
외롭다,-1,2
외설스러,-1,4
요긴한,1,1
요란스러운,-1,5
요란스럽,-1,5
요란하게,-1,5
요란하고,-1,5
요란하다,-1,5
요령,1,1
요령이 있,1,1
요망스러,-2,0
요망스럽,-2,0
요망,-2,0
요망한,-2,5
요염,1,1
요염함,1,1
욕,-2,5
욕구를 충족,1,1
욕구가 충족,1,1
욕되게,-2,5
욕망이 억눌,-2,5
욕설,-2,5
욕심,-1,5
욕심쟁이,-1,5
욕으로,-2,5
욕을,-2,5
욕하다,-2,5
욕하며,-2,5
욕하여,-2,5
욕함,-2,5
용감,1,1
용기,1,1
용납할 수 없,-2,5
용납함,1,1
용서할 수 없,-2,5
용이,1,1
용자,1,1
용하다,1,1
용한,1,1
우격다짐,-2,5
우기거나,-1,5
우기는,-1,5
우기다,-1,5
우는,-1,2
우대를 받,1,1
우락부락,-1,5
우러러,2,1
우렁차,1,1
우려,-2,4
우물거리,-1,0
우물쭈물,-1,4
우수,2,1
우수하,2,1
우수한,2,1
우스꽝,-1,4
우스운,-1,4
우습,-1,4
우스워,-1,4
우습다,-1,4
우아하,2,1
우아한,1,1
우아함,2,1
우악스러,-2,5
우악스럽,-2,5
우울,-2,2
우월,2,1
우유부단,-1,5
우중충,-2,2
우직,-1,0
우쭐,1,1
우호,2,1
운,1,1
운동 장애,-1,0
운명이 박복,-2,2
운수가 나빠,-2,2
운이 사납,-2,2
운이 좋,2,1
울거나,-2,2
울고,-2,2
울다,-2,2
울렁,-1,2
울려고,-2,2
울보,-1,2
울부짖,-2,2
울분,-2,2
울상,-2,2
울음,-2,2
울컥,-2,2
울화,-2,5
움질,-1,4
움찔,-1,3
움츠,-1,4
웃기,1,1
웃는,2,1
웃다,2,1
웃으며,2,1
웃으면,2,1
웃을,2,1
웃음,-1,5
웅장,1,1
원기 왕성,1,1
원대,-1,0
원동력,1,1
원만,1,1
원만하지 않,-2,0
원망,-1,5
원인 불명,-1,0
원치 않,-2,5
원통,1,1
원하는 것을 가지지 못,-1,0
원하는 대로,2,1
원하,0,0
원함,1,0
원하지 않,-1,2
원한,-2,5
원활,1,1
원활하지 않,-2,4
월등,2,1
웬만,1,1
웰빙,2,1
위급,-1,4
위기,-1,4
위꼴사,1,1
위대,2,1
위반,-1,5
위배,-1,5
위법,-1,5
위엄 있,2,1
위엄을 보이,2,1
위엄이 있,2,1
위엄있는,1,1
위장염,-2,0
위조,-1,5
위축,-1,4
위태로,-1,4
위태롭,-1,4
위태하,-1,4
위태위태,-1,4
위트,2,1
위하는,1,1
위험,-2,4
위협,-2,4
위협적,-2,4
유감,-1,2
유능,2,1
유달리 특별,1,1
유들유들,-1,0
유리하,1,1
유리한,2,1
유명,2,1
유요함,1,1
유용,2,1
유익,2,1
유죄,-2,0
유지하지 못,-1,0
유지,1,1
유창,2,1
유치,-1,5
유쾌,2,1
유쾌하지 못,-2,0
유쾌하지 않,-2,0
윤기,1,1
윤기 없,-1,0
윤기가 없,-1,2
윤기가 있,1,1
윤기가 흐르,1,1
윤기가 흐른,1,1
윤리적,1,1
윤이 나,1,1
윤이 날,1,1
윤택,1,1
융통성,1,1
융통성 없,-1,5
융통성없,-1,5
융통성이 없,-1,5
으름장,-1,5
으스스,-1,4
으시시,-1,4
으쓱,2,1
윽박,-2,5
윽윽거,0,0
윽윽대,0,0
윽윽하,0,0
은근히 귀찮,-1,5
은근히 허전,-1,2
은총,2,1
은혜,1,1
은혜도 모,-1,5
은혜도 모르,-2,5
을러대,-2,5
음기,-2,4
음란,-1,5
음모,-2,0
음산,-1,4
음침,-1,4
음흉,-2,4
응석,-1,5
응어리,-1,2
응하지 않,-1,2
의가 좋,2,1
의기가,1,1
의기가 있다,1,1
의기소침,-1,5
의기양양,1,1
의로운,2,1
의로운 마음,2,1
의로운 일,2,1
의롭다,2,1
의사와 관계없,-1,0
의식 불명,-2,2
의식을 잃,-2,2
의심,-1,4
의심스럽,-1,4
의아스,-1,4
의아심,-1,4
의아하,-1,4
의아한,-1,4
의욕,1,1
의욕이 사라,-1,2
의욕이 없,-1,2
의인,-2,0
의젓,1,1
의존성이,-1,0
의좋게,1,1
의지,2,1
의지가 없,-1,0
의지를 가다듬,1,1
의지하다,1,1
의지할 곳도 없,-1,2
의지할 곳이 없,-1,2
의지할 곳조차 없,-1,2
이간질,-1,5
이겨 내다,1,1
이겨 냄,1,1
이기다,1,1
이기적,-2,5
이기지 못하,-1,2
이끌리는,1,1
이득,2,1
이득을,2,1
이득이 없,-1,2
이득이나,2,1
이랬다저랬다,-1,0
이러저리 기울어,-1,0
이러저리 자꾸,-1,0
이러지도 저러지도 못,-1,4
이로우며,2,1
이롭,2,1
이롭게,2,1
이루거나,1,1
이루다,1,1
이루어,1,1
이루어지,1,1
이루지 못,-1,2
이룩하다,1,1
이룩함,1,1
이룬 화음,1,1
이룸,1,1
이르지 못,-1,0
이르지 못하,-1,0
이르지 못함,-1,0
이를 갈,-1,5
이름을 떨침,1,1
이리저리,-1,4
이뭐병,-1,5
이바지하다,1,1
이벤트,1,1
이별하다,-1,2
이쁘다,2,1
이쁘장스럽,2,1
이쁜,2,1
이상의 수준,1,1
이상이 생겨,-1,0
이상하,-1,4
이성적,2,1
이익,2,1
이익을,2,1
이익을 얻,2,1
이익이,2,1
이익이 될,2,1
이죽이죽,-2,5
이치,2,1
이치를 깨닫,2,1
이치를 깨달,2,1
이치에 맞,2,1
이치에 밝,2,1
이치에 어긋,-1,2
이타적,2,1
이해의 대립,-1,5
이해,1,1
이해하,1,1
이해하기 어려,-1,2
이해하지 못,-1,2
이혼,-1,2
이혼을,-1,2
익숙지,-1,0
익숙,1,0
익숙하지 못,-1,0
익숙하지 못하,-1,0
익숙한,1,1
익숙해,1,1
익히게,1,1
익히게 하,1,1
익히지 못,-1,0
인간애,1,0
인간에게 좋,1,1
인격 파괴,-2,5
인기,1,1
인기 없,-1,2
인기 없,-1,2
인기있,2,1
인사불성,-2,5
인상적,1,1
인색,-1,5
인연이,1,1
인연이 맺어,1,1
인재,1,1
인정,1,1
인정 받,1,1
인정되,2,1
인정머리 없,-2,5
인정받,2,1
인정을 받,1,1
인정이 두텁,2,1
인정이 많,1,1
인정이 없,-1,5
인정있는,1,1
인정있다,2,1
인정하는 부분,1,1
인정하,1,1
인정해,1,1
인정하지 않,-1,5
인품이 고결,2,1
일깨워,1,1
일러바치,-1,5
일류,-1,0
일방적,-1,5
일부러,-1,5
일진,-1,0
일찍 죽,-1,2
일치하지 않,-1,4
일품,2,1
잃,-1,2
잃거나,-1,2
잃게,-1,2
잃게 하,-1,2
잃다,-1,2
잃어버리,-1,2
잃었,-1,2
잃은,-1,2
잃은 느낌,-1,2
잃은 상태,-1,2
잃을,-1,2
잃을 정도,-1,2
임신구토,-1,0
임질,-1,0
입가에 웃음,2,1
입담 좋,2,1
입맛을 잃,-1,2
입맛이 떨어,-1,2
입맛이 없,-1,2
입맛이 없어,-1,2
입맛이 없으,-1,2
입을 가볍,-1,5
입을 경망,-2,5
입을 나불,-1,5
입을 너불,-1,5
입을 방정맞,-2,5
입을 삐쭉,-1,5
입을 예쁘게,2,1
입을 함부로,-1,5
입이 쓰,-1,5
잇몸이 붓고,-1,2
잇지 못할,-1,0
잉여,-1,2
ㅈㄹ,-1,5
ㅈㅅ,-1,2
자격을 박탈,-1,5
자격을 얻,1,5
자격이 없,-1,5
자괴,-2,2
자괴감,-2,2
자긍,1,1
자긍심,1,1
자기중심적,-1,5
자기편을 배신,-2,5
자랑스,1,1
자랑자랑,1,1
자부하,1,1
자비,1,1
자비로,1,1
자비의,1,1
자빠지,-1,3
자빠지는,-1,3
자상,2,1
자상하다,2,1
자세하고 정확,1,1
자신 있게,1,1
자신감,1,1
자신하,1,1
자애로,2,1
자애를,2,1
자애를 베푸,2,1
자연 그대로,1,1
자연스러워,1,1
자연스럽,1,1
자연스럽지 못,-1,4
자연스럽지 아니,-1,4
자연스럽지 않,-1,4
자연의 아름다운,1,1
자유가 제한,-1,4
자유로운,1,1
자유롭게,1,1
자유를 침해,-1,4
자제력을 잃,-1,5
자제력을 잃어,-1,5
자주 사용,1,1
자주 앓,-1,2
자주 하다,1,1
자증,-1,5
자지 못하는,-1,5
자지러지,1,1
자지러지도록,-1,5
자지러질,-1,5
자질,1,1
자질구레,-1,0
자질구레한,-1,0
자책,-1,5
자책하,-1,5
자폐,-2,2
자포자기,-1,5
자포자기하,-1,5
자폭,-1,5
자해,-2,5
자해하,-1,5
작고 귀여운,2,1
작붕,-1,4
작품이 사랑받,1,1
잔꾀,-1,5
잔소리,-1,5
잔소리나 푸념,-1,5
잔소리,-1,5
잔소리를 하,-1,5
잔인,-2,5
잔인하,-2,5
잔인한,-2,5
잘,1,1
잘 간직하여,2,1
잘 다듬어,2,1
잘 다스려,2,1
잘 다스리,2,1
잘 다스림,2,1
잘 대우,2,1
잘 먹,2,1
잘 먹다,2,1
잘 먹음,2,1
잘 모르,-1,0
잘 몰라,-1,0
잘 못하,-2,0
잘 받아,2,1
잘 보살펴,2,1
잘 사귀,2,1
잘 살려,2,1
잘 살핌,2,1
잘 싸우,1,1
잘 싸움,1,1
잘 아는,2,1
잘 알다,2,1
잘 알아,2,1
잘 익어,2,1
잘 익다,2,1
잘 있는,2,1
잘 자라,2,1
잘 정돈,2,1
잘 조화,2,1
잘 지내,2,1
잘 지켜,2,1
잘 진행,2,1
잘 처리,2,1
잘 팔리,2,1
잘 해낼,2,1
잘난 체,-1,5
잘난 체하,-1,5
잘되고,2,1
잘되다,2,1
잘되어,2,1
잘되지 못,-1,0
잘되지 않,-1,2
잘된,2,1
잘될,2,1
잘됨,2,1
잘먹,2,1
잘못,-2,5
잘못 기입,-1,5
잘못 생각,-2,5
잘못 써서,-2,5
잘못 판단,-2,5
잘못되기,-2,5
잘못되,-2,5
잘못되는,-2,5
잘못되어,-2,5
잘못되었,-2,5
잘못되었을,-2,5
잘못되지 아니,2,1
잘못된,-2,5
잘못된 견해,-2,5
잘못에,-2,5
잘못에 대하여,-2,5
잘못을,-2,5
잘못을 고쳐,1,1
잘못을 깨치,0,0
잘못을 꾸짖,-2,5
잘못을 뉘우치,1,1
잘못을 용서,1,1
잘못을 인정,1,1
잘못을 저지르,-2,5
잘못을 지적받,-2,5
잘못이,-2,5
잘못이 생겨,-2,5
잘못이나,-2,5
잘못이나 결함,-2,5
잘못하,-2,5
잘못해,-2,5
잘못하다가는,-2,5
잘못하면,-2,5
잘못하여,-2,5
잘못함,-2,5
잘빠진,1,1
잘생겨,2,1
잘생겼,2,1
잘생기,2,1
잘생긴,1,1
잘하는,2,1
잘하는 것,2,1
잘하는 능력,2,1
잘하다,2,1
잘하지 못,-2,4
잘한,2,1
잘한 일,2,1
잘해,2,1
잘해 나가,2,1
잘해 내,2,1
잘해 내지 못,-2,4
잡념을 없애,1,1
잡되고,-2,5
잡되고 상스럽,-2,5
잡스러운,-2,5
잡스럽,-2,5
잡스럽게,-2,5
잡스럽다,-2,5
잡아 뜯,-1,5
장난삼아,-1,5
장난,-1,5
장난스럽,-1,5
장난이 심,-1,5
장애,-2,2
장애가,-2,2
장애로,-2,2
장애를,-2,2
장애물,-2,2
장애물을 헤,1,1
장애인,-2,0
장엄한,2,1
장점,2,1
장하다,2,1
장학금,1,1
재난,-2,4
재능,1,1
재물을 탐내,-1,5
재물을 탐하,-1,5
재물이 넉넉,1,1
재미,1,1
재미가 없,-2,5
재미가 있,2,1
재미를 붙,1,1
재미없,-2,5
재미 없,-2,5
재미있,2,1
재밌는,2,1
재발,-1,0
재산이 넉넉,1,1
재수 없,-2,5
재앙,-2,4
재앙이,-2,4
재주,1,1
재촉,-1,5
재촉하,-1,5
재치,1,1
재치 있,1,1
재치가 있,1,1
재치있,1,1
재해,-2,2
저급,-1,5
저는,-1,2
저렴,1,1
저리,-1,2
저리거,-1,2
저리고,-1,2
저리다,-1,2
저린,-1,2
저릿,-1,2
저버리,-2,2
저주,-2,5
저주의,-2,5
저주하,-2,5
저주받,-2,5
저지른,-1,4
저질러,-2,4
저품질,-1,4
저하,-1,5
저하되,-1,5
적극,1,1
적극적,1,1
적당,1,1
적당하지 않,-2,0
적당히 좋,1,1
적대적,-2,5
적의 앞잡이,-1,5
적절치 아니하다,-2,4
적절,1,1
적절하게,1,1
적절한,2,1
적절한 예,1,1
적절히,2,1
적합,1,1
적합하,1,1
적합하도록,1,1
적확,1,1
적확한,1,1
전문가,1,1
전문적,1,1
전염되,-2,4
전염병,-1,4
전전긍긍,-2,4
전혀 모르,-1,0
전혀 없,-1,0
절개,1,1
절거나,-1,2
절다,-1,2
절도질,-2,5
절망,-2,2
절망스럽,-2,2
절망,-2,2
절망에,-2,2
절망으로,-2,2
절망적,-2,2
절망하다,-2,2
절며,-1,2
절면서,-1,2
절박,-1,4
절실,0,0
절실하,0,0
절절매,-1,4
절친,2,1
젊고,1,1
젊고 건강,1,1
젊다,1,1
젊은,2,1
점잖,2,1
점잖고,2,1
점잖다,2,1
점잖은,2,1
점잖이,2,1
점잖이 아니,-2,2
점잖지 못,-1,2
점잖지 못하게,-1,2
점잖지 못하고,-2,2
점잖지 못한,-1,2
점잖지 않,-1,2
접대,1,1
접대함,1,1
정,1,1
정결,1,1
정겹,2,1
정겹고,2,1
정겹다,2,1
정교,1,1
정교하,2,1
정교한,1,1
정다운,2,1
정답,2,1
정답고,2,1
정답다,2,1
정답지 않,-2,2
정당,1,1
정당하지 못,-2,5
정당하지 않,-2,5
정당한,1,1
정도가 높,1,1
정도가 심,-1,5
정도가 심하,-1,5
정도가 지나쳐,-1,5
정도가 지나친,-1,5
정돈,1,1
정돈되지 아니,-2,4
정돈이 되지 아니,-2,4
정돈하,1,1
정밀,1,1
정밀하지 못,-1,4
정분,1,1
정분이 나,1,1
정분이 두텁,1,1
정상,1,1
정성껏,1,1
정성스럽,1,1
정성스레,1,1
정성으로,2,1
정성을,1,1
정성을 다,1,1
정성을 들,1,1
정성이,1,1
정성,1,1
정성이나,1,1
정신 분열병,-2,0
정신 질환,-2,0
정신병,-2,5
정신병 환자,-1,5
정신없,-1,4
정신없이,-1,4
정신을 못 차리,-2,4
정신을 잃,-2,4
정신을 잃는,-1,4
정신을 잃을,-1,4
정신이 나가,-1,4
정신이 나간,-1,4
정신이 멀쩡,1,1
정신이 멍,-1,4
정신이 아득,-1,4
정신이 아찔,-1,4
정신이 없,-1,4
정신이 혼미,-1,4
정신이 흐려,-1,4
정신이 흐리,-1,4
정신이 흐릿,-1,4
정신적 고통,-2,4
정신질환,-2,0
정연,1,1
정열,1,1
정을 떼,-1,2
정을 통하,1,1
정의롭,1,1
정의,1,1
정이 깊,1,1
정이 두텁,2,1
정이 들,1,1
정이 많,1,1
정이 맺어지,1,1
정이 맺어짐,1,1
정이 없,-1,0
정없,-1,0
정정당당,2,1
정중,1,1
정직하지 못,-1,5
정처 없,-1,2
정치선동,1,1
정확,1,1
정확하,1,1
정확한,1,1
제대로,1,1
제때에,1,1
제맛,1,1
제멋대로,-1,5
제법,2,1
제한,-1,5
제한적,-2,5
제한적인,-2,5
제힘에 겨운,-1,2
제힘에 겨워,-1,2
조급,-1,4
조급하,-1,4
조급한,-1,4
조급해,-1,4
조롱,-1,5
조르다,-1,0
조르는,-1,0
조르,-1,0
조리 없,-2,0
조리 없이,-2,0
조리 있,1,1
조마조마,-1,4
조바심,-1,4
조심,-1,4
조심함,-1,4
조잡,-1,5
조잡한,-1,5
조화,2,1
족쳐,-2,5
존경,1,1
존귀,2,1
존망,-1,5
존멸,-1,5
존못,-2,5
존속,0,0
존예,2,1
존잘,2,1
존중,1,1
졸도,-2,3
졸임,-1,0
좀도둑,-1,5
좀스러,-2,5
좀스럽,-2,5
좁은 소견,-1,0
종기,-1,2
종말,-1,4
종횡무진,0,0
좆같,-2,5
좆같이,-2,5
좆다,-1,4
좋거나,2,1
좋,2,1
좋게,2,1
좋고,2,1
좋다,2,1
좋아,2,1
좋아하,2,1
좋아함,2,1
좋아해,2,1
좋네,2,1
좋은,2,1
좌빨,-1,5
좌욕,-2,0
좌절,-2,2
좌절하,-2,2
죄,-2,5
죄 있는,-2,5
죄가,-2,5
죄를,-2,5
죄를 고백,1,1
죄를 저지르,-2,5
죄를 저지름,-2,5
죄를 지어,-2,5
죄를 지은,-2,5
죄를 짓,-2,5
죄범,-2,5
죄송,-1,2
죄수,-2,5
죄스럽,-2,2
죄악,-2,4
죄어,-1,4
죄어서,-1,4
죄업,-2,5
죄에,-2,4
죄의식,-2,2
죄인,-2,2
죄지은,-2,2
주눅,-1,2
주눅들,-1,2
주작,-1,5
주저앉,-1,2
주저,-1,4
주저하,-1,4
주제넘,-2,5
주책없,-1,5
주춤,-1,4
죽게,-1,2
죽는,-1,2
죽다,-1,2
죽어,-1,2
죽었,-1,2
죽여,-1,5
죽은,-1,4
죽을맛,-1,4
죽음,-1,4
죽이,-1,5
죽임,-2,5
줏대 없,-2,2
중독,-1,4
중병,-2,2
중상,-2,2
중생을 구제,1,1
중생을 이롭,2,1
중심을 잃,-1,4
중얼거리,-1,0
중요,1,1
중풍,-2,2
중한 병,-2,2
즐거운,2,1
즐거움,2,1
즐거워,2,1
즐겁,2,1
즐겨,2,1
즐기,2,1
즐김,2,1
증오,-2,5
증오심,-2,5
증오해,-2,5
지겨워,-2,5
지겨운,-2,5
지겹,-2,5
지긋지긋,-1,5
지껄이,-1,5
지껄여,-1,5
지나치,-1,4
지나친,-2,4
지독,-2,5
지독한,-1,5
지루,-1,2
지루해,-1,2
지루한,-1,2
지루하,-1,2
지못미,-1,2
지옥,-2,4
지저분,-2,4
지적,2,1
지적인,2,1
지지,-1,0
지쳐,-1,2
지쳐서,-1,2
지쳤,-1,2
지치고,-1,2
지친,-1,2
지혜,2,1
지혜가,2,1
지혜로,2,1
지혜롭,2,1
지혜를,2,1
지혜,2,1
진국,2,1
진귀,2,1
진귀하,2,1
진리,1,1
진리를,1,1
진리와,1,1
진물,-1,0
진실,1,1
진실된,1,1
진실한,1,1
진저리,-2,5
진절머리,-2,5
진정,1,1
진정이 안,1,1
진중하지 못,-1,0
진지충,-1,5
진취적,1,1
질겁,-1,4
질기다,0,0
질리다,-1,5
질림,-1,5
질병,-2,0
질병을,-1,0
질병이,-2,0
질색,-2,5
질서 없,-2,4
질서가 없,-1,4
질이 나쁘,-2,5
질질 끌,-1,0
질질 울,-1,2
질투,-1,5
질환,-2,0
짐승,-1,5
집적,-2,5
집착,-1,5
짓궂,-2,5
짓눌러,-1,0
짓무르,-1,0
짓물러,-1,0
짓밟다,-1,5
징그러,-1,4
징그럽,-1,4
징징,-1,5
짖궂,-2,5
ㅉㅉ,-1,5
짜릿,1,1
짜증,-2,5
짜증나,-2,5
짜증난,-2,5
짜증내,-2,5
짜지다,-1,5
짝남,1,1
짝녀,1,1
짧다,-1,0
쩔쩔매,-2,4
쩝쩝,-2,5
쪼들린,-2,4
쭈그러,-1,0
쭈그러들,-1,0
쭈글쭈글,-1,0
찌그러,-1,0
찌꺼기,-1,0
찌들고,-1,0
찌르듯,-1,0
찌푸리,-1,5
찐따,-1,2
찔찔,-1,2
찝쩍,-2,5
찝찝,-2,4
찡그리,-1,5
찡찡,-1,2
찡찡이,-1,2
찡찡한,-1,2
찢,-1,0
찢어,-1,0
ㅊㅋ,1,1
차가워,-1,0
차도남,1,1
차도녀,1,1
차마,-1,5
차별 없이,1,1
착실,2,1
착실한,2,1
착잡,-2,2
착착,1,1
착취,-1,5
착하다,2,1
착한,2,1
찬란,2,1
찬란하,2,1
찬미,2,1
찬미하,2,1
찬미한,2,1
찬사,1,1
찬양,2,1
찬양하,2,1
찬양함,2,1
찬찬,1,1
참견,-1,5
참다못,-1,5
참다못해,-1,5
참다운,2,1
참담,-1,2
참되,2,1
참된,2,1
참신,1,1
참신한,2,1
참으로,1,1
참을 수 없,-1,5
참을성이 없,-1,5
참지 못,-1,5
참형,-2,5
참혹,-2,5
참회,1,1
창녀,-2,5
창렬,-1,5
창백,-1,2
창의,1,1
창조적,1,1
창피,-2,2
창황하,-2,4
채신없,-2,2
책망,-2,5
책임 죄를,-1,5
책임감 있,2,1
책임감있,1,1
책임감없,-2,5
책임감 없,-2,5
책임을 회피,-1,4
책임지,1,0
처량,-2,2
처리를 못,-2,0
처벌,-2,5
처벌하,-2,5
처벌해,-2,5
처연,-2,2
처지가 나빠,-2,2
처지가 안되,-2,2
처지는,-1,0
처참,-2,4
천박,-2,5
천사,1,1
천식,-1,0
천진,1,1
천하고,-1,5
천하다,-1,5
천한,-1,5
철없,-1,2
철저,1,1
철저하지 못,-2,0
철저하지 않,-2,0
철컹철컹,-1,4
청결,2,1
청정하며,1,1
체면이 깍이,-2,5
체면이 깎일,-2,5
쳐들어,-1,5
쳐부수,-1,5
초라하,-2,2
초라한,-2,2
초상이,-2,2
초월,1,1
초조,-1,4
초조하,-1,4
초조한,-1,4
초조해,-1,4
촌스러,-1,0
촌스럽,-1,0
촐랑,-1,5
촐싹,-1,5
총명,2,1
최고,2,1
최고급,2,1
최상,1,1
최상급,2,1
최상의,2,1
최악,-2,5
최저가,1,1
최적,1,1
최적화,1,1
추궁,-1,0
추근,-2,0
추악,-2,5
추운,-1,0
추워,-1,0
추위,-1,0
추잡,-2,5
추저분,-2,5
추진,1,1
추천,1,1
추하,-2,5
축냄,-1,5
축복,2,1
축하,2,1
출려,2,1
출세,2,1
출혈,-1,0
출혈이 심,-1,4
춤,1,1
춤 추다,1,1
춥거나,-1,0
충격,-1,3
충공깽,-1,3
충동적,-1,3
충분,1,0
충분하지 못,-2,4
충분하지 않,-2,4
충성,1,1
충실하지 않,-2,0
충족,2,1
충치,-1,0
취약,-2,4
취약한,-2,4
취존,1,1
취직,2,1
취향 저격,1,1
측은,1,1
측은지심,-2,2
치매,-1,0
치밀어,-1,5
치밀어 오르,-1,5
치밀어 올라,-1,5
치밀하지 못,-2,5
치사,-2,5
치사하,-2,5
치사해,-2,5
치욕,-2,5
치욕스럽,-2,5
치우치게,-1,0
치통,-1,0
칙칙,-1,2
친구,1,1
친근하,2,1
친근한,2,1
친밀하,2,1
친밀한,2,1
친밀함,2,1
친밀,2,1
친숙,1,1
친애,2,1
친절,2,1
친절하,2,1
친절한,2,1
친하게,2,1
친하게 지내,2,1
친하다,2,1
친한,2,1
친화,2,1
칠칠하지 못,-1,2
칠칠치 못,-1,2
칠칠,2,1
침울,-2,2
침을 뱉,-1,0
침착하지 못,-1,4
침체,-1,2
침침,-1,0
침침한,-1,0
침침해,-1,0
침해,-1,5
침해당,-1,5
침해한,-1,5
칭송,2,1
칭송할,2,1
칭송함,2,1
칭찬,2,1
칭찬받,2,1
칭찬하,2,1
칭찬할,2,1
칭찬함,2,1
칭찬해,1,1
ㅋㄷ,1,1
칼빵,-2,4
캄캄한,-1,4
캐리,1,1
캣맘,1,1
컴컴,-1,4
컹스,-1,0
케미,1,1
코와이네,-1,0
콜록콜록,-1,0
쾌감,1,1
쾌조,1,1
쾌활,1,1
쾌활하,2,1
쾌활한,2,1
크게 감동,2,1
크게 감동함,2,1
크게 감탄,2,1
크게 실망,-2,2
크게 실망함,-2,2
크게 움츠러,-1,4
크게 웃,2,1
크게 위태로움,-2,4
크게 칭찬,2,1
크게 칭찬함,2,1
크고 아름다워,2,1
크고 아름답,2,1
크고 웅장,1,1
크고 튼튼,1,1
크고 힘차,1,1
크다,1,1
큰 결함,-2,4
큰 공덕,2,1
큰 덕,2,1
큰 불행,-2,2
큰 성과,2,1
큰 수익,2,1
큰 재주,2,1
큰 칭찬,2,1
큰 타격,-2,5
클라스,1,1
키가 커서,1,1
킹왕짱,2,1
타격을,-2,5
타당하다,1,1
타당한,1,1
타들어,-1,4
타들어 가는,-1,4
타륵,1,1
타분하다,-2,0
타협점,1,1
탁 트여,1,1
탁 트이,1,1
탁월하다,2,1
탁월한,1,1
탁하다,-2,4
탄력,1,1
탄력적,1,1
탄력이,1,1
탄력이 있,1,1
탄복하다,2,1
탄복할,2,1
탄복할 만하다,2,1
탄복함,2,1
탄식,-2,2
탄식하,-2,2
탄식할,-2,2
탄식함,-2,2
탄탄하다,1,1
탈,-1,0
탈 따위가,-1,0
탈 없이,1,1
탈영,-1,5
탈음증,-1,0
탈이,-1,2
탈이 나서,-1,2
탈이 생겨서,-1,2
탈이 생기다,-1,2
탈이 없다,0,0
탈이 없이,1,1
탈진,-1,2
탐관오리가,-1,5
탐내,-1,0
탐묵,-1,0
탐스러,2,1
탐스럽,2,1
탐욕,-2,5
탐욕스,-2,5
탐욕이 많,-2,5
탐탁지 아니,-2,5
탐탁지 않,-2,5
탐하는,-1,5
탐하다,-1,5
탐하여,-1,5
탓하거나,-1,5
탓하거나 불평을,-2,5
탓하다,-1,5
탕진잼,-1,5
탕평,1,1
탕평하다,1,1
태평,-1,1
태평하,1,1
태평한,1,1
터무니없,-2,5
텁텁,-1,0
토끼다,-1,5
토라져,-1,5
토라지,-1,5
토라져서,-1,5
토라지는,-1,5
토라지다,-1,5
토하고,-1,4
토하는,-1,4
토하다,-1,4
토나와,-1,4
토나온,-1,4
토할,-1,4
통과,1,1
통달,1,1
통달하,1,1
통달해,1,1
통달한,1,1
통원,-1,0
통증,-1,2
통쾌,2,1
통쾌하,2,1
통쾌하다,2,1
통탄,-2,2
통하다,1,1
투덜,-1,5
투덜투덜,-1,5
투덜거리,-1,5
투덜대,-1,5
투덜대다,-1,5
투박,-1,0
퉁명,-2,5
퉁퉁,-1,0
트렌디,1,1
트롤,-1,4
트집,-1,5
트집을,-1,5
특권,2,1
특별,1,1
특별하,-1,0
특별한,1,1
특별해,1,1
특별히,1,1
특이,1,1
특출하게,1,1
특출,1,1
튼튼,1,1
튼튼하,1,1
튼튼하다,1,1
튼튼하여,1,1
튼튼히,1,1
틀딱,-1,5
틀딱충,-1,5
틀리다,-1,5
틀린,-1,5
틀어지다,-1,2
틀어진,-1,2
티 없이,1,1
티가 없다,1,1
티격태격,-1,5
파괴,-2,5
파오후,-1,5
파오후 쿰척쿰척,-1,5
파울,-2,0
팔다리가 붓,-1,2
팔다리가 쑤시,-1,2
팔자 사나운,-2,4
팔팔,1,1
패가망신,-1,5
패배,-1,4
패배하,-2,4
패하고,-1,4
패하다,-1,4
팽개치다,-1,5
페널티,-2,5
펴지 못,-1,0
편견,-2,4
편두통,-2,0
편리,2,1
편리성,2,1
편리하게,1,1
편리하게 이용할,1,1
편리하고,2,1
편리하다,2,1
편리하지 않은,-2,4
편안,2,1
편안하지,-1,4
편안하지 못,-2,4
편안하지 않,-1,4
편안한,2,1
편안히,2,1
편애,-1,5
편치 못하고,-2,4
편하,2,1
편한,2,1
편히,2,1
평등하,1,1
평등한,1,1
평등함을,1,1
평안,2,1
평온,1,1
평온하지 못,-2,4
평탄하다,2,1
평화로,2,1
평화롭,2,1
평화롭지 않,-2,4
평화,1,1
폐가 상하여,-2,0
폐결핵,-2,0
폐렴,-2,0
폐를 끼쳐,-2,2
폐를 끼쳤,-2,2
포근하,1,1
포근한,1,1
포기,-1,2
포기하지 않,2,1
포살되다,-1,5
포악하,-2,5
포악,-1,5
포학한,-1,5
폭삭 망,-1,4
폭군,-2,5
폭력,-2,5
폭력적,-1,5
폭발적,1,1
폭이 넓고,1,1
폭행,-1,5
폭행하,-1,5
표리부동한,-1,5
표정을 꾸며서,-1,0
표정이 환하다,1,1
푸근하,1,1
푸념을,-2,5
푸지다,1,1
푸짐하다,1,1
푹 쓰러져,-1,4
푹 주저앉,-1,4
풀이 꺾,-1,2
풀이 죽,-1,2
품격,1,1
품격을,1,1
품에 안다,1,1
품위,1,1
품위가 있,1,1
품위 있,1,1
품절남,1,1
품절녀,1,1
품질이 우수,2,1
품질이 좋,2,1
품질이 좋은,2,1
품행이 단정하지 못,-2,5
품행이 뛰어,2,1
품행이 천박,-1,5
풍년,2,1
풍모,1,1
풍미,1,1
풍부,1,1
풍성,2,1
풍요,1,1
풍자,-2,0
피가,-1,4
피가 나,-1,4
피가 난,-1,4
피가 부족,-1,4
피가 섞,-1,4
피고름,-1,4
피곤,-1,2
피꺼솟,-2,5
피난,-1,4
피눈물,-2,5
피로,-1,2
피부병,-2,0
피하거나,-1,5
피하는,-1,5
피해,-1,5
핀잔,-2,5
핀잔을,-2,5
필수,1,1
필요 없이,-1,0
필요가 없이,-1,0
필요하고,1,1
필요한 상태에,-1,0
핏기가 없,-1,2
ㅎㅎ,1,1
하는 둥,-1,0
하는 지경,-1,4
하늘하늘,1,1
하드캐리,2,1
하소연,-2,2
하소연하,-2,2
하잘것없,-1,2
하지 못,-1,0
하지 않,-1,0
하찮게,-2,2
하찮고,-2,2
하찮고 보잘것없,-2,2
하찮다,-2,2
하찮은,-2,2
학대받,-1,4
학대,-2,5
학대하,-1,5
학문,2,1
학식,2,1
한가하게,1,1
한가하고,1,1
한결같,2,1
한계,-1,4
한뜻,1,1
한마음,1,1
한마음 한뜻,1,1
한숨,-1,2
한숨 쉬,-1,2
한숨짓,-1,2
한스럽,-2,2
한스러,-2,2
한심해,-1,5
한심하,-1,5
한심한,-1,5
한이 되는,-2,2
한증,-1,0
한창 왕성,1,1
한탄함,-2,2
한탄하,-2,2
한탄,-2,2
한평생 같이,1,1
할인,1,1
함께,1,1
함부로,-1,0
함정,-1,4
합격,1,1
합당,1,1
합리,1,1
합리적,1,1
항거,-1,5
항거하,-1,5
항의하,-1,5
항의,-1,5
해,-2,0
해가,-2,0
해가 되는,-2,5
해가 될까,-2,4
해결,1,1
해결하,1,1
해고하다,-1,5
해내다,1,1
해내,1,1
해낼,1,1
해로운,-2,5
해롭다,-2,5
해롭,-1,5
해져,-1,2
해지고,-1,2
해지다,-1,2
해쳐,-1,2
해침,-2,5
해치다,-2,5
해치,-2,4
해침,-2,5
해학,1,1
해학적,1,1
햇볕이 따뜻,1,1
햇볕이 잘,1,1
햇빛이 밝다,1,1
행방불명,-1,4
행복,2,1
행복감,2,1
행복을,2,1
행복하,2,1
행복하지 아니한,-2,2
행복한,2,1
행실이 곧,2,1
행실이 나쁘,-2,5
행실이 추저분,-2,5
행운,2,1
행운을,2,1
행운의,1,1
행패,-2,5
향기,1,1
향기로운,-1,1
향상,1,1
허기,-1,2
허는,-1,2
허덕이다,-1,2
허둥지둥,-1,4
허락,1,1
허름,-1,5
허망,-1,4
허무,-1,4
허무감,-1,4
허무하,-1,4
허무한,-1,4
허물,-1,5
허물이 없,1,1
허물이 있,-1,5
허물이,-1,5
허병,-1,5
허비,-1,5
허비하,-1,5
허사가,-1,5
허사가 되어,-1,5
허섭쓰레기,-1,5
허세를,-1,5
허세를 부리다,-1,5
허세를 부림,-1,5
허술하여서,-1,5
허술한,-1,5
허술한 데가,-1,5
허술한 점,-1,5
허실 없이,1,1
허약,-1,2
허용하지 아니함,-2,0
허전,-1,2
허전한 느낌,-1,2
허전한 느낌이,-1,2
허접,-2,5
허접스럽다,-2,5
허접쓰레기,-2,5
허접하다,-2,5
허탕,-2,5
허풍,-2,5
허풍을,-1,5
허풍을 치,-1,5
허하여,-1,4
허황,-2,5
허황되,-2,5
허황된,-2,5
허황하고,-2,5
허황한,-2,4
헉헉,-1,4
헌데나,-1,4
헌신적,2,1
헐거나,-1,0
헐거워,-1,0
헐겁고,-1,0
헐게,-1,0
헐고,-1,0
헐떡,-1,4
헐뜯,-2,5
헐어서,-1,5
험상궃,-2,5
험상,-2,5
험하고,-1,5
험하다,-1,5
험하여,-1,5
험한,-1,5
헛갈리,-1,4
헛되이,-2,2
헛된,-2,2
헛디디,-1,4
헛배가 부르,-1,4
헛소리,-1,5
헛헛한,-1,4
헝클어,-1,5
헤매다,-1,4
헤아리지 못,-1,5
헤아리지 않,-1,5
헤어나지 못,-1,5
헤어지게,-1,5
헤프게,-1,5
헤프게 쓰다,-1,5
헤프지 않다,1,1
헷갈리어,-1,4
혀를 차는,-2,5
혁신,2,1
혁신적,1,1
혁신주의자,1,1
현기증,-1,4
현명하,1,1
현명한,2,1
현숙한,1,1
현시창,-1,0
현피,-1,5
혈압,-1,5
혐오,-2,5
혐오감,-2,5
혐오하,-1,5
혐짤,-1,5
협박,-2,5
협박하,-2,5
형벌,-2,5
형벌에 처,-2,5
형벌을 가하,-1,5
형벌을 감하,1,1
형벌하,-1,4
형세가 뒤바뀌어,-1,4
형세가 위태롭,-2,4
형편없,-1,5
형편 없,-1,5
형편이 딱하,-2,2
형편이 어려,-2,2
형편이 어렵,-2,2
혜택,1,1
호감,2,1
호강,2,1
호갱,-1,2
호갱님,-1,2
호되게,-1,5
호된,-1,5
호들갑,-1,5
호의,2,1
호의적,1,1
호의호식,1,1
호화롭고,2,1
호화,-1,0
호흡 곤란,-2,4
호흡곤란,-1,4
호흡이 곤란,-1,4
혼내는,-2,5
혼란스러운,-2,5
혼란스럽,-1,5
혼란에 빠진,-2,4
혼란하게,-2,4
혼모노,-2,0
혼미,-1,4
혼미하,-1,4
혼미한,-1,4
혼미해지,-1,4
혼이 나,-2,4
혼인,1,1
혼쭐을,-2,5
홀가분,1,1
홀로,-1,2
홀린 듯,-1,4
화,-2,5
화가,-2,5
화가 나,-2,5
화가 난,-2,5
화가 치밀,-2,5
화기,-2,5
화기애애,2,1
화나,-2,5
화내다,-2,5
화답,1,1
화려하,1,1
화려한,1,1
화려함,1,1
화를,-2,5
화를 내,-2,5
화를 벌컥,-2,5
화목,2,1
화목하,2,1
화목한,2,1
화목함,2,1
화사하다,2,1
화음,1,1
화재,-2,0
화창,2,1
화창한,2,1
화풀이,-1,5
화풀이를,-1,5
화합,1,1
화합하,1,1
화해하거나,1,1
확보하다,1,1
확신을,1,1
확신,1,1
확신이 없,-2,4
확실,1,1
확실하,1,1
확실하다,1,1
활짝,1,1
환각 증상,-1,4
환상,-2,0
환상이다,-1,0
환상적인,1,1
환영하다,2,1
환자,-1,2
환자의 병,-1,2
환처가,-1,2
환하게,2,1
환하고,2,1
환하다,2,1
환한,2,1
환함,2,1
활기,2,1
활기를 잃,-2,2
활달하고,2,1
활동하기에 편하,1,1
활동하지 못하게,-2,0
활력,1,1
활력 넘치는,1,1
활력 넘치다,1,1
활발하고,2,1
활발하다,2,1
활발하지 못하,-2,4
활발한,2,1
활발한 모양,2,1
활짝 트이어,1,1
황당한,-1,5
황당한 일에,-1,5
황소고집,-1,5
황송한,2,1
황천길,-1,5
황폐화,-2,2
황홀,2,1
황홀감,2,1
황홀하다,2,1
황홀한,1,1
회개,1,1
회복되다,1,1
회복하기 어려운,-2,0
회복하다,1,1
획기적,1,1
효과적,1,1
효도,2,1
효력을 잃,-1,2
효율적인,1,1
후련,1,1
후하게 대접,1,1
후회,-2,2
후회막심,-2,2
후회스럽,-2,2
후회,-2,2
훈훈,2,1
훌륭,2,1
훌륭하,2,1
훌륭한,2,1
훔쳐,-1,0
훔치거나,-1,0
훔치거나 빼앗,-1,5
훔치,-1,0
훔친,-1,0
훔침,-1,0
훤칠,2,1
훤하,1,1
훼방,-1,5
훼손,-1,5
휘청,-1,2
휘청거리,-1,2
휴식,1,1
휴식하다,1,1
흉년,-2,5
흉망,-2,5
흉보다,-2,5
흉을,-2,5
흉측,-2,5
흉터,-1,2
흉터가,-1,2
흉포성,-2,4
흉하,-2,4
흉한,-2,4
흉,-2,5
흉흉히,-2,4
흐느껴,-1,2
흐느낄,-1,2
흐느낌,-2,2
흐느적,-1,0
흐려지다,-1,2
흐리고,-1,2
흐리다,-1,2
흐리멍텅,-1,2
흐린,-2,2
흐림,-1,2
흐뭇,2,1
흐지부지,-1,2
흐트러져,-1,4
흑역사,-2,4
흑인 노예,-1,0
흑흑대다,-1,2
흔들림 없이,1,1
흔모,2,1
흔모하다,2,1
흔히 기쁜,2,1
흘겨,-1,5
흙빛,-1,2
흠모,2,1
흠애,2,1
흠을,-1,4
흠이 나,-1,4
흠이 없,1,1
흠이 되는,-1,4
흠,-1,4
흠좀무,-1,4
흡족,2,1
흥감,2,1
흥겹,2,1
흥미,1,1
흥분,1,1
흥에,2,1
흥에 겨워,2,1
흥을 돋우,1,1
흥이,2,1
흥이 나서,2,1
흥청,-1,5
흥청망청,-1,5
흥하다,2,1
흥행,2,1
흩어지지 않게,1,1
희망없,-2,2
희망을 잃,-2,2
희망을 잃지,2,1
희망이 없,-2,2
희망적,1,1
희망차,1,1
희멀끔,1,1
희멀쑥,1,1
희미하,-1,0
희박,-1,4
희희,1,1
히든카드,1,1
히벌쭉,1,1
히스테리,-1,5
히죽,1,1
히쭉,1,1
히히,1,1
힘 있게,1,1
힘겹게,-2,2
힘겹다,-2,2
힘과 용기,1,1
힘든,-2,2
힘들,-2,2
힘삐치다,-1,0
힘쓰다,0,0
힘없는,-1,2
힘없이,-1,2
힘에 겨워,-2,2
힘에 겹게,-2,2
힘에 눌려,-2,4
힘에 벅차,-2,2
힘에 부쳐,-2,2
힘을 다하다,1,1
힘을 들,-1,0
힘을 못 쓰게,-1,2
힘을 잃,-1,2
힘을 합하여,1,1
힘이 가득,1,1
힘이 강하다,2,1
힘이 기운차,2,1
힘이 다 빠져,-1,2
힘이 되어,1,1
힘이 들거나,-1,2
힘이 빠져,-1,2
힘이 약,-1,2
힘이 없,-1,2
힘이 있,1,1
힘차게,2,1
힘차고,2,1
힘찬,2,1
ㅗ,-1,5
ㅜ,-1,2
ㅠ,-1,2
ㅡㅡ,-1,5
섹시,2,1
공포감,-2,4
긴박,-1,4
무시무시,-1,4
살벌,-2,4
스산,-1,4
소름끼,-1,4
아슬아슬,-1,4
달갑다,1,1
대견,1,1
보기좋,1,1
속시원,1,1
신명,1,1
신바람,1,1
원더풀,2,1
천만다행,1,1
쾌적,2,1
함박웃음,2,1
경악,-2,3
기겁,-2,3
기절,-2,3
까무러치,-1,3
당혹,-1,3
뜨끔,-1,3
뜨악,-1,3
만만찮다,-1,4
만만치,-1,4
아뿔싸,-1,3
움찔,-1,3
개썅년,-2,5
개자식,-2,5
개새끼,-2,5
괘씸,-2,5
그년,-1,5
그놈,-1,5
그자식,-1,5
기집년,-1,5
니미,-2,5
노여워,-2,5
멸시,-2,5
모멸감,-2,5
모욕적,-2,5
미친개,-1,5
발칙,-1,5
버럭,-1,5
분통,-2,5
비딱하다,-2,5
빌어먹을,-2,5
뾰루퉁,-1,5
삐치다,-2,5
삐지다,-2,5
삐졌다,-2,5
삐쳤다,-2,5
속썩이,-2,5
심통,-1,5
싸가지없,-2,5
쌍년,-2,5
쌍놈,-2,5
씨부랄,-2,5
씹새끼,-2,5
우라질,-2,5
옘병,-2,5
웬수,-2,5
잡놈,-2,5
치욕적,-2,5
가련,-1,2
고독,-1,2
곤욕,-1,4
난처,-2,4
난해,-1,3
낭패,-2,2
망연,-2,2
망연자실,-2,2
먹먹,-2,2
뼈저리,-1,2
쓴웃음,-1,2
씁쓸,-1,2
아휴,-1,2
외톨이,-2,2
왕따,-2,2
찌질이,-2,2
울부,-2,2
울컥,-1,2
으앙,-1,2
음울,-1,2
적적,-1,2
절규,-2,2
죄송,-2,2
죄책감,-2,2
주눅들,-2,2
짠하다,-2,2
찡하다,-2,2
착잡,-2,2
처량,-2,2
처절,-2,2
청승궂,-1,2
청승맞,-1,2
흑흑,-1,2
고리타분,-1,5
신통찮다,-1,5
심드렁,-1,0
지긋지긋,-2,5
기진맥진,-2,2
꺼림찍,-1,4
찜찜,-1,4
꼴불견,-2,5
넌더리,-2,5
달갑잖,-1,5
못미덥,-1,5
콧웃음,-1,5
해괴,-2,4
감질나,-1,2
반신반의,0,0
신비롭다,1,1
아리송,-1,3
알쏭하다,-1,3
알쏭달쏭,-1,3
득점,2,1
상위,2,1
상위권,2,1
안정감,1,1
적극적,1,1
실점,-2,5
오류,-2,4
갈등 ,-1,4
의혹,-1,0
내팽개치다,-2,5
횡령,-2,5
불안증,-2,4
ㄷㄷ,-1,4
ㅈㄴ,-1,5
존나,-1,5
존내,-1,5
졸라,-1,5
ㅈㄹ,-1,5
ㅋ,-1,5
ㅋㅋ,2,1
ㅋㅋㅋ,3,1
헐,0,3
헉,0,3
빡쳐,-1,5
빡치네,-1,5
시바,-1,5
시밬,0,1
개조아,2,1
개좋아,2,1
새끼,-1,5
ㅈㄲ,-1,5
!!,1,3
!!!,1,3
!!!!,1,3
짱,2,1
ㅠㅜ,-1,2
캬,1,1
개쩔,1,1
개쩐다,1,1
커엽,1,1
커여워,1,1
커여워ㅠ,1,1
크,1,1
와,1,1
눈새,-1,5
좆,-2,5
;;,-1,5
좆같은,-2,5
도랏,-1,5
도랏맨,-1,5
염병,-1,5
짱개,-2,5
쪽본,-2,5
쪽바리,-2,5
rgrg,1,1
꼰대,-1,5
지랄,-1,5
개지랄,-1,5
지롤,-1,5
뺌,1,1
존잼,1,1
인실좆,1,5
짱좋,1,1
존좋,1,1
사릉,1,1
헤헤,1,1
자살,-2,2
..,-1,5
...,-1,5
좆망,-2,5
엉엉,-1,2
우와,1,3
우왕,1,3
우왁,1,3
와..,1,3
오우,1,3
워우,1,3
워어,1,3
이야,1,3
키야,1,3
돌앗,1,3
와아,1,3
쩐다,1,3
이에,1,3
헤에,1,3
와우,1,3
ㅇㅁㅇㄱ,-1,5
?!,1,3
!?,1,3
<3,1,1
😁,1,1
😂,2,1
😃,1,1
😄,1,1
😅,0,3
😆,1,1
😉,1,1
😊,1,1
😍,2,1
😏,1,1
😒,-1,5
😓,-1,4
😔,-1,2
😘,2,1
😚,1,1
😜,1,1
😝,1,1
😠,-1,5
😡,-2,5
😢,-1,2
😨,-1,4
😩,-1,2
😫,-1,2
😭,-1,2
😱,-1,3
😸,1,1
😹,2,1
😺,1,1
😻,2,1
😼,1,1
😽,1,1
😾,-1,5
😿,-1,2
🙀,-1,3
❤,1,1
♥,1,1
🎉,1,1
🎊,1,1
👍,1,1
👎,-1,5
👏,1,1
👋,1,1
👌,1,1
💌,1,1
💋,1,1
💏,1,1
💐,1,1
💓,1,1
💔,1,1
💕,1,1
💖,1,1
💗,1,1
💘,1,1
💙,1,1
💚,1,1
💛,1,1
💜,1,1
💝,1,1
💞,1,1
💟,1,1
💢,-1,5
🔥,1,1
😀,1,1
😇,1,1
😈,-1,5
😑,-1,5
😕,-1,5
😙,1,1
😦,-1,3
😧,-1,3
😮,-1,3
😯,-1,3
cute,1,1
love,1,1
great,1,1
luv,1,1
😎,1,1
🤩,1,3
🤬,-1,5
😰,-1,4
🙌,1,1
✌,1,1
🖕,-1,5
🙏,1,2
🤞,1,1
💪,1,5
omg,0,3
surprise,0,3
!,0,3
oh my,0,3
oh my gosh,0,3
oh my god,0,3
oh my goodness,0,3
wtf,-1,3
what the,-1,3
amazing,1,3
seriously,0,3
wow,1,3
awesome,1,3
sucks,-1,3
tragedy,-1,3
absurd,-1,5
tragic,-1,2
sad,-1,2
weep,-1,2
cry,-1,2
crying,-1,2
offence,-1,5
beautiful,1,1
damn,-1,5
freaking,-1,3
freak,-1,5
sweet,1,1
mad,-1,5
hate,-1,5
concern,-1,4
adore,1,1
good,1,1
nice,1,1
funny,1,1
jerk,-1,5
dude,-1,5
thank,2,1
lol,2,3
haha,2,1
disgusting,-1,5
gross,-1,5
jeez,-1,5
no way,-1,5